domain,availability,registrar,expiry,link_count,years_seen,genre,memo,sample_anchor,sample_source_url,whois_excerpt
cab-j.co.jp,available,,,222,"2002,2003,2004,2005,2006,2007,2008,2009",,,q¯erL¦cïiCAB-Jj,http://www.eiseihoso.org:80/aboutus/main005.html,[ JPRS database provides information on network administration. Its use is    ]
ppvj.co.jp,available,,,152,"2002,2003,2004,2005,2006,2007,2008",,,http://www.ppvj.co.jp/,http://www.eiseihoso.org:80/cgi-bin/cs/001ppv/top.cgi,[ JPRS database provides information on network administration. Its use is    ]
home.cherrybomb.co.jp,available,,,24,"2002,2003,2004,2005,2006,2007,2008,2009",,,http://home.cherrybomb.co.jp,http://www.eiseihoso.org:80/cgi-bin/cs/014adult/top.cgi,[ JPRS database provides information on network administration. Its use is    ]
japan.discovery.com,available,,,24,"2002,2003,2004,2005,2006,2007,2008,2009",,,http://japan.discovery.com/animal-planet/,http://www.eiseihoso.org:80/cgi-bin/cs/007ent/top.cgi,"No match for ""JAPAN.DISCOVERY.COM""."
ipctv.co.jp,available,,,21,"2002,2003,2004,2005,2006,2007,2008,2009",,,http://www.ipctv.co.jp/332/index.html,http://www.eiseihoso.org:80/cgi-bin/cs/011fl/top.cgi,[ JPRS database provides information on network administration. Its use is    ]
pbj.co.jp,available,,,17,"2002,2003,2004,2005,2006,2007,2008",,,http://www.pbj.co.jp,http://www.eiseihoso.org:80/cgi-bin/cs/014adult/top.cgi,[ JPRS database provides information on network administration. Its use is    ]
medianox.co.jp,available,,,16,"2002,2003,2004,2005,2006,2007,2008,2009",,,http://www.medianox.co.jp,http://www.eiseihoso.org:80/cgi-bin/cs/014adult/top.cgi,[ JPRS database provides information on network administration. Its use is    ]
u-air.ac.jp,available,,,16,"2002,2003,2004,2006,2007,2008,2009",,,http://www.u-air.ac.jp/hp,http://www.eiseihoso.org:80/cgi-bin/cs/010learn/top.cgi,[ JPRS database provides information on network administration. Its use is    ]
samurai-tv.co.jp,available,,,15,"2002,2003,2004,2005,2006,2007,2008,2009",,,http://www.samurai-tv.co.jp,http://www.eiseihoso.org:80/cgi-bin/cs/005sports/top.cgi?start=10&key=,[ JPRS database provides information on network administration. Its use is    ]
megaport.ne.jp,available,,,14,"2002,2003,2004,2005",,,http://www.megaport.ne.jp/cs900/index.html@,http://www.eiseihoso.org:80/bsdchlu/main.html,[ JPRS database provides information on network administration. Its use is    ]
instructv.co.jp,available,,,13,"2002,2003,2004,2005,2006,2007,2008,2009",,,http://www.instructv.co.jp,http://www.eiseihoso.org:80/cgi-bin/cs/010learn/top.cgi,[ JPRS database provides information on network administration. Its use is    ]
rakutentv.co.jp,available,,,13,"2002,2003,2004,2005,2006,2007",,,http://www.rakutentv.co.jp/,http://www.eiseihoso.org:80/cgi-bin/cs/009hobby/top.cgi?start=10&key=,[ JPRS database provides information on network administration. Its use is    ]
active-sports.tv,available,,,12,"2002,2003,2004,2005,2006,2007,2008,2009",,,http://www.active-sports.tv/@,http://www.eiseihoso.org:80/cgi-bin/member/top.cgi,No Data Found
gch.jrao.ne.jp,available,,,12,"2002,2003,2004,2005,2006,2007,2008,2009",,,http://www.gch.jrao.ne.jp,http://www.eiseihoso.org:80/cgi-bin/cs/013games/top.cgi,[ JPRS database provides information on network administration. Its use is    ]
sptv.jp,available,,,12,"2006,2007,2008,2009",,,Úµ­Í±¿çhttp://sptv.jp/,http://www.eiseihoso.org:80/,[ JPRS database provides information on network administration. Its use is    ]
759ch.tv,available,,,10,"2002,2003,2004,2005,2006,2007,2008",,,http://759ch.tv/,http://www.eiseihoso.org:80/cgi-bin/cs/009hobby/top.cgi?start=10&key=,No Data Found
bs-i.co.jp,available,,,10,"2002,2003,2004,2005",,,http://www.bs-i.co.jp/,http://www.eiseihoso.org:80/bsdchlu/main.html,[ JPRS database provides information on network administration. Its use is    ]
i-hits.co.jp,available,,,10,"2004,2005,2006,2007,2008",,,http://www.i-hits.co.jp/,http://www.eiseihoso.org:80/aboutus/main003-02.html,[ JPRS database provides information on network administration. Its use is    ]
motv.co.jp,available,,,10,"2002,2003,2004,2005,2006,2007,2008,2009",,,http://www.motv.co.jp,http://www.eiseihoso.org:80/cgi-bin/cs/012shopping/top.cgi,[ JPRS database provides information on network administration. Its use is    ]
dentoubunka.co.jp,available,,,9,"2002,2003,2004,2005,2006,2007,2008",,,http://www.dentoubunka.co.jp/,http://www.eiseihoso.org:80/cgi-bin/cs/007ent/top.cgi,[ JPRS database provides information on network administration. Its use is    ]
winsphil.co.jp,available,,,9,"2002,2003,2004,2005,2006,2007,2008",,,http://www.winsphil.co.jp/filipino_channel/channel_lite.html,http://www.eiseihoso.org:80/cgi-bin/cs/011fl/top.cgi,[ JPRS database provides information on network administration. Its use is    ]
daiwa766.jp,available,,,8,"2005,2007,2008,2009",,,http://daiwa766.jp/,http://www.eiseihoso.org:80/cgi-bin/cs01/016bussiness/top.cgi,[ JPRS database provides information on network administration. Its use is    ]
music272.tv,available,,,8,"2002,2003,2004,2005",,,http://www.music272.tv,http://www.eiseihoso.org:80/cgi-bin/cs/006music/top.cgi,No Data Found
sports-i.co.jp,available,,,8,"2002,2003,2004",,,http://www.sports-i.co.jp/,http://www.eiseihoso.org:80/cgi-bin/cs/005sports/top.cgi,[ JPRS database provides information on network administration. Its use is    ]
victory-ch.tv,available,,,8,"2002,2003,2004,2005,2006,2007,2008",,,http://www.victory-ch.tv,http://www.eiseihoso.org:80/cgi-bin/member/top.cgi?start=60&key=,No Data Found
johotsusintokei.soumu.go.jp,available,,,7,"2005,2006,2007,2008,2009",,,http://www.johotsusintokei.soumu.go.jp/,http://www.eiseihoso.org:80/link/index.html,[ JPRS database provides information on network administration. Its use is    ]
karaoke-ch.com,available,,,7,"2003,2004,2005,2006",,,http://www.karaoke-ch.com/,http://www.eiseihoso.org:80/cgi-bin/cs01/006music/top.cgi,"No match for domain ""KARAOKE-CH.COM""."
travelers-tv.com,available,,,7,"2002,2003,2004,2005",,,http://www.travelers-tv.com,http://www.eiseihoso.org:80/cgi-bin/cs/007ent/top.cgi,"No match for domain ""TRAVELERS-TV.COM""."
tv.foxjapan.com,available,,,7,2009,,,http://tv.foxjapan.com/,http://www.eiseihoso.org:80/contents/drama.html,"No match for ""TV.FOXJAPAN.COM""."
ch-bb.jp,available,,,6,"2002,2003,2004,2005",,,http://www.ch-bb.jp/,http://www.eiseihoso.org:80/cgi-bin/cs/009hobby/top.cgi?start=10&key=,[ JPRS database provides information on network administration. Its use is    ]
cs-wowow.co.jp,available,,,6,"2003,2004,2005",,,http://www.cs-wowow.co.jp/@,http://www.eiseihoso.org:80/cgi-bin/cs03/005ppv/top.cgi,[ JPRS database provides information on network administration. Its use is    ]
nhk-jn.co.jp,available,,,6,"2004,2005,2006,2007,2008,2009",,,http://www.nhk-jn.co.jp/index.htm,http://www.eiseihoso.org:80/aboutus/main003-02.html,[ JPRS database provides information on network administration. Its use is    ]
tampa.co.jp,available,,,6,"2002,2003,2004",,,http://www.tampa.co.jp/,http://www.eiseihoso.org:80/cgi-bin/cs/015radio/top.cgi,[ JPRS database provides information on network administration. Its use is    ]
tv.goo.ne.jp,available,,,6,"2006,2007,2008,2009",,,http://tv.goo.ne.jp/,http://www.eiseihoso.org:80/csprog/index.html,[ JPRS database provides information on network administration. Its use is    ]
241ch.jp,available,,,5,"2006,2007,2008",,,http://www.241ch.jp/,http://www.eiseihoso.org:80/about/member_ma.html,[ JPRS database provides information on network administration. Its use is    ]
csn1.co.jp,available,,,5,"2002,2003,2004",,,http://www.csn1.co.jp/,http://www.eiseihoso.org:80/cgi-bin/cs/002cinema/top.cgi,[ JPRS database provides information on network administration. Its use is    ]
entame.express.jp,available,,,5,"2005,2007,2008,2009",,,http://entame.express.jp/,http://www.eiseihoso.org:80/cgi-bin/cs01/007ent/top.cgi,[ JPRS database provides information on network administration. Its use is    ]
epep.jp,available,,,5,"2003,2004,2006",,,http://www.epep.jp/,http://www.eiseihoso.org:80/links/main001.html,[ JPRS database provides information on network administration. Its use is    ]
home.milk906.jp,available,,,5,"2002,2003,2004,2005",,,http://home.milk906.jp,http://www.eiseihoso.org:80/cgi-bin/cs/014adult/top.cgi?start=10&key=,[ JPRS database provides information on network administration. Its use is    ]
reality-tv.jp,available,,,5,"2006,2007,2008",,,http://www.reality-tv.jp/,http://www.eiseihoso.org:80/about/member_sa.html,[ JPRS database provides information on network administration. Its use is    ]
toondisney.jp,available,,,5,"2007,2008",,,www.toondisney.jp,http://www.eiseihoso.org/contents/anime.html,[ JPRS database provides information on network administration. Its use is    ]
bs-com.com,available,,,4,"2002,2003,2004,2005",,,http://www.bs-com.com/,http://www.eiseihoso.org:80/bsdchlu/main.html,"No match for domain ""BS-COM.COM""."
epb.co.jp,available,,,4,"2002,2003,2004,2005",,,http://www.epb.co.jp,http://www.eiseihoso.org:80/cgi-bin/member/top.cgi,[ JPRS database provides information on network administration. Its use is    ]
mserve.co.jp,available,,,4,"2002,2003,2004,2005",,,https://www.mserve.co.jp/,http://www.eiseihoso.org:80/bsdchlu/main.html,[ JPRS database provides information on network administration. Its use is    ]
plus.skyperfectv.co.jp,available,,,4,"2003,2004",,,http://www.plus.skyperfectv.co.jp/,http://www.eiseihoso.org:80/cgi-bin/cs01/005sports/top.cgi,[ JPRS database provides information on network administration. Its use is    ]
shop240.jp,available,,,4,"2004,2005,2006,2007",,,http://www.shop240.jp,http://www.eiseihoso.org:80/cgi-bin/cs01/012shopping/top.cgi,[ JPRS database provides information on network administration. Its use is    ]
vitv.co.jp,available,,,4,"2004,2005",,,http://vitv.co.jp/,http://www.eiseihoso.org:80/cgi-bin/cs01/007ent/top.cgi,[ JPRS database provides information on network administration. Its use is    ]
cinema-r.com,available,,,3,"2003,2004,2005",,,http://www.CINEMA-R.com,http://www.eiseihoso.org:80/cgi-bin/cs01/001ppv/top.cgi,"No match for domain ""CINEMA-R.COM""."
cs-kyouiku.tv,available,,,3,"2003,2004",,,http://www.cs-kyouiku.tv/,http://www.eiseihoso.org:80/cgi-bin/cs03/009culture/top.cgi,No Data Found
cseiga.com,available,,,3,"2006,2007,2008",,,http://www.cseiga.com/,http://www.eiseihoso.org:80/about/member_sa.html,"No match for domain ""CSEIGA.COM""."
home.netscape.com,available,,,3,"2002,2004,2006",,,,http://www.eiseihoso.org:80/notes/index.html,"No match for ""HOME.NETSCAPE.COM""."
imagica-prog.com,available,,,3,"2007,2008,2009",,,http://www.imagica-prog.com/,http://www.eiseihoso.org:80/about/002-01.html,"No match for domain ""IMAGICA-PROG.COM""."
mbco.co.jp,available,,,3,"2006,2007,2008",,,http://www.mbco.co.jp,http://www.eiseihoso.org:80/about/member_ma.html,[ JPRS database provides information on network administration. Its use is    ]
powermovie.co.jp,available,,,3,2002,,,http://www.powermovie.co.jp,http://www.eiseihoso.org:80/cgi-bin/cs/002cinema/top.cgi?start=20&key=,[ JPRS database provides information on network administration. Its use is    ]
reform-ch.jp,available,,,3,2003,,,http://www.reform-ch.jp,http://www.eiseihoso.org:80/cgi-bin/cs/009hobby/top.cgi?start=10&key=,[ JPRS database provides information on network administration. Its use is    ]
spaceyacht.co.jp,available,,,3,"2002,2003,2004",,,http://www.spaceyacht.co.jp,http://www.eiseihoso.org:80/cgi-bin/cs/009hobby/top.cgi,[ JPRS database provides information on network administration. Its use is    ]
sports.express.jp,available,,,3,"2007,2008,2009",,,http://sports.express.jp/,http://www.eiseihoso.org:80/contents/sports.html,[ JPRS database provides information on network administration. Its use is    ]
www2.winsphil.co.jp,available,,,3,"2003,2004,2005",,,http://www2.winsphil.co.jp/filipino_channel/channel_lite.html,http://www.eiseihoso.org:80/cgi-bin/cs01/011fl/top.cgi,[ JPRS database provides information on network administration. Its use is    ]
ch777.jp,available,,,2,"2004,2005",,,http://www.ch777.jp/,http://www.eiseihoso.org:80/cgi-bin/cs01/009hobby/top.cgi?start=10&key=,[ JPRS database provides information on network administration. Its use is    ]
club.carenet.co.jp,available,,,2,"2002,2003",,,http://club.carenet.co.jp/tv/guide/,http://www.eiseihoso.org:80/cgi-bin/member/top.cgi?start=30&key=,[ JPRS database provides information on network administration. Its use is    ]
discovery-hd.jp,available,,,2,"2007,2008",,,www.discovery-hd.jp/,http://www.eiseihoso.org/contents/news_docu.html,[ JPRS database provides information on network administration. Its use is    ]
dynamitebb.jp,available,,,2,"2006,2007",,,http://dynamitebb.jp/top/,http://www.eiseihoso.org:80/about/member_sa.html,[ JPRS database provides information on network administration. Its use is    ]
eten-inc.jp,available,,,2,"2008,2009",,,http://www.eten-inc.jp/,http://www.eiseihoso.org:80/about/member_a.html,[ JPRS database provides information on network administration. Its use is    ]
favoritv.com,available,,,2,"2003,2004",,,http://www.favoritv.com/,http://www.eiseihoso.org:80/cgi-bin/cs02/006entertainment/top.cgi,"No match for domain ""FAVORITV.COM""."
homech.co.jp,available,,,2,2002,,,http://www.homech.co.jp,http://www.eiseihoso.org:80/cgi-bin/cs/009hobby/top.cgi?start=10&key=,[ JPRS database provides information on network administration. Its use is    ]
j2am.co.jp,available,,,2,2002,,,http://www.j2am.co.jp,http://www.eiseihoso.org:80/cgi-bin/cs/014adult/top.cgi,[ JPRS database provides information on network administration. Its use is    ]
kn.kntv.jp,available,,,2,"2007,2008",,,http://kn.kntv.jp/,http://www.eiseihoso.org/about/member_ka.html,[ JPRS database provides information on network administration. Its use is    ]
ohotuku26.or.jp,available,,,2,2002,,,http://www.ohotuku26.or.jp/,http://www.eiseihoso.org:80/guide/main003-02.html,[ JPRS database provides information on network administration. Its use is    ]
peace-channel.co.jp,available,,,2,2004,,,http://www.peace-channel.co.jp/,http://www.eiseihoso.org:80/cgi-bin/cs01/015document/top.cgi,[ JPRS database provides information on network administration. Its use is    ]
radio-nikkei.co.jp,available,,,2,2004,,,http://www.radio-nikkei.co.jp,http://www.eiseihoso.org:80/cgi-bin/cs01/016bussiness/top.cgi,[ JPRS database provides information on network administration. Its use is    ]
scmediacom.jp,available,,,2,2009,,,http://www.scmediacom.jp/,http://www.eiseihoso.org:80/about/002-01.html,[ JPRS database provides information on network administration. Its use is    ]
shoku-chan.com,available,,,2,2002,,,http://www.shoku-chan.com,http://www.eiseihoso.org:80/cgi-bin/member/top.cgi?start=10&key=,"No match for domain ""SHOKU-CHAN.COM""."
stgiga.co.jp,available,,,2,"2002,2003",,,http://www.stgiga.co.jp/,http://www.eiseihoso.org:80/bsdchlu/main.html,[ JPRS database provides information on network administration. Its use is    ]
winj.jp,available,,,2,"2004,2005",,,http://www.winj.jp/,http://www.eiseihoso.org:80/bsdchlu/main.html,[ JPRS database provides information on network administration. Its use is    ]
www.scifi.co.jp,available,,,2,2009,,,www.scifi.co.jp,http://www.eiseihoso.org:80/contents/movie.html,[ JPRS database provides information on network administration. Its use is    ]
www1.ocn.ne.jp,available,,,2,2002,,,http://www1.ocn.ne.jp/~marukotv,http://www.eiseihoso.org:80/guide/main003-02.html,[ JPRS database provides information on network administration. Its use is    ]
zenpachi.tv,available,,,2,"2004,2005",,,http://www.zenpachi.tv/,http://www.eiseihoso.org:80/cgi-bin/cs01/009hobby/top.cgi,No Data Found
240style.jp,available,,,1,2009,,,http://www.240style.jp/,http://www.eiseihoso.org:80/about/member_ta.html,[ JPRS database provides information on network administration. Its use is    ]
alphanetwortv.com,available,,,1,2002,,,http://www.alphanetwortv.com,http://www.eiseihoso.org:80/cgi-bin/cs/011fl/top.cgi,"No match for domain ""ALPHANETWORTV.COM""."
bbc-japan.com,available,,,1,2005,,,http://www.bbc-japan.com,http://www.eiseihoso.org:80/cgi-bin/cs02/006entertainment/top.cgi,"No match for domain ""BBC-JAPAN.COM""."
c3yokohama.co.jp,available,,,1,2002,,,http://www.C3YOKOHAMA.co.jp,http://www.eiseihoso.org:80/guide/main003-02.html,[ JPRS database provides information on network administration. Its use is    ]
catv-aichi.co.jp,available,,,1,2002,,,http://www.catv-aichi.co.jp,http://www.eiseihoso.org:80/guide/main003-02.html,[ JPRS database provides information on network administration. Its use is    ]
catv-niihama.co.jp,available,,,1,2002,,,http://www.catv-niihama.co.jp,http://www.eiseihoso.org:80/guide/main003-02.html,[ JPRS database provides information on network administration. Its use is    ]
catv.ksky.ne.jp,available,,,1,2002,,,http://catv.ksky.ne.jp,http://www.eiseihoso.org:80/guide/main003-02.html,[ JPRS database provides information on network administration. Its use is    ]
catv.yuge.ac.jp,available,,,1,2002,,,http://catv.yuge.ac.jp/~yuge-catv/,http://www.eiseihoso.org:80/guide/main003-02.html,[ JPRS database provides information on network administration. Its use is    ]
caty.co.jp,available,,,1,2002,,,http://www.caty.co.jp,http://www.eiseihoso.org:80/guide/main003-02.html,[ JPRS database provides information on network administration. Its use is    ]
ccn.ne.jp,available,,,1,2002,,,http://www.ccn.ne.jp/,http://www.eiseihoso.org:80/guide/main003-02.html,[ JPRS database provides information on network administration. Its use is    ]
chofucable.co.jp,available,,,1,2002,,,http://www.chofucable.co.jp,http://www.eiseihoso.org:80/guide/main003-02.html,[ JPRS database provides information on network administration. Its use is    ]
cinefil.co.jp,available,,,1,2003,,,http://www.cinefil.co.jp/,http://www.eiseihoso.org:80/cgi-bin/cs02/001movie/top.cgi,[ JPRS database provides information on network administration. Its use is    ]
cny.ne.jp,available,,,1,2002,,,http://www.cny.ne.jp/,http://www.eiseihoso.org:80/guide/main003-02.html,[ JPRS database provides information on network administration. Its use is    ]
cs110.nihon-eiga.com,available,,,1,2003,,,http://www.cs110.nihon-eiga.com/,http://www.eiseihoso.org:80/cgi-bin/cs02/001movie/top.cgi,"No match for ""CS110.NIHON-EIGA.COM""."
csgyao.jp,available,,,1,2009,,,http://csgyao.jp/,http://www.eiseihoso.org:80/family/ent_hobby.html,[ JPRS database provides information on network administration. Its use is    ]
cskouka.jp,available,,,1,2008,,,,http://www.eiseihoso.org:80/index.html,[ JPRS database provides information on network administration. Its use is    ]
ctktv.co.jp,available,,,1,2002,,,http://www.ctktv.co.jp,http://www.eiseihoso.org:80/guide/main003-02.html,[ JPRS database provides information on network administration. Its use is    ]
ctn.co.jp,available,,,1,2002,,,http://www.ctn.co.jp,http://www.eiseihoso.org:80/guide/main003-02.html,[ JPRS database provides information on network administration. Its use is    ]
d-booktv.com,available,,,1,2002,,,http://www.d-booktv.com,http://www.eiseihoso.org:80/cgi-bin/member/top.cgi?start=60&key=,"No match for domain ""D-BOOKTV.COM""."
digicube.co.jp,available,,,1,2002,,,http://www.digicube.co.jp/,http://www.eiseihoso.org:80/cgi-bin/cs/007ent/top.cgi,[ JPRS database provides information on network administration. Its use is    ]
edonagasaki.ne.jp,available,,,1,2002,,,http://www.edonagasaki.ne.jp/ mitsushima,http://www.eiseihoso.org:80/guide/main003-02.html,[ JPRS database provides information on network administration. Its use is    ]
exd.city.kobe.jp,available,,,1,2002,,,http://www.exd.city.kobe.jp/ck/,http://www.eiseihoso.org:80/guide/main003-02.html,[ JPRS database provides information on network administration. Its use is    ]
fcncatv.ne.jp,available,,,1,2002,,,http://www.fcncatv.ne.jp,http://www.eiseihoso.org:80/guide/main003-02.html,[ JPRS database provides information on network administration. Its use is    ]
fu-ku-shi.com,available,,,1,2003,,,"@ http://jbs.tv/""",http://www.eiseihoso.org:80/cgi-bin/member/top.cgi?start=80&key=,"No match for domain ""FU-KU-SHI.COM""."
go-kaku.co.jp,available,,,1,2002,,,http://www.go-kaku.co.jp/,http://www.eiseihoso.org:80/cgi-bin/cs/010learn/top.cgi,[ JPRS database provides information on network administration. Its use is    ]
hidaweb.ne.jp,available,,,1,2002,,,http://www.hidaweb.ne.jp/kokufu/,http://www.eiseihoso.org:80/guide/main003-02.html,[ JPRS database provides information on network administration. Its use is    ]
honjo.ne.jp,available,,,1,2002,,,http://www.honjo.ne.jp/hp/h-catv/,http://www.eiseihoso.org:80/guide/main003-02.html,[ JPRS database provides information on network administration. Its use is    ]
ichigo-tv.com,available,,,1,2002,,,http://www.ichigo-tv.com,http://www.eiseihoso.org:80/guide/main003-02.html,"No match for domain ""ICHIGO-TV.COM""."
ir21.co.jp,available,,,1,2002,,,http://www.ir21.co.jp/,http://www.eiseihoso.org:80/cgi-bin/cs/009hobby/top.cgi,[ JPRS database provides information on network administration. Its use is    ]
join.zaq.ne.jp,available,,,1,2002,,,http://join.zaq.ne.jp/catv/ioctv/,http://www.eiseihoso.org:80/guide/main003-02.html,[ JPRS database provides information on network administration. Its use is    ]
jupiter-vc.co.jp,available,,,1,2008,,,http://www.jupiter-vc.co.jp/,http://www.eiseihoso.org/about/member_sa.html,[ JPRS database provides information on network administration. Its use is    ]
k-cable.ne.jp,available,,,1,2002,,,http://www.k-cable.ne.jp,http://www.eiseihoso.org:80/guide/main003-02.html,[ JPRS database provides information on network administration. Its use is    ]
kabuki-ch.co.jp,available,,,1,2009,,,http://www.kabuki-ch.co.jp/,http://www.eiseihoso.org:80/about/member_ka.html,[ JPRS database provides information on network administration. Its use is    ]
kitajima-catv.co.jp,available,,,1,2002,,,http://www.kitajima-catv.co.jp,http://www.eiseihoso.org:80/guide/main003-02.html,[ JPRS database provides information on network administration. Its use is    ]
koala-tv.co.jp,available,,,1,2002,,,http://www.koaLa-tv.co.jp,http://www.eiseihoso.org:80/guide/main003-02.html,[ JPRS database provides information on network administration. Its use is    ]
kobe-catv.co.jp,available,,,1,2002,,,http://www.kobe-catv.co.jp,http://www.eiseihoso.org:80/guide/main003-02.html,[ JPRS database provides information on network administration. Its use is    ]
miyavision.co.jp,available,,,1,2002,,,http://www.miyavision.co.jp/,http://www.eiseihoso.org:80/guide/main003-02.html,[ JPRS database provides information on network administration. Its use is    ]
mmcatv.co.jp,available,,,1,2002,,,http://www.mmcatv.co.jp,http://www.eiseihoso.org:80/guide/main003-02.html,[ JPRS database provides information on network administration. Its use is    ]
nep21.co.jp,available,,,1,2004,,,http://www.nep21.co.jp/,http://www.eiseihoso.org:80/aboutus/main003-02.html,[ JPRS database provides information on network administration. Its use is    ]
nthk.co.jp,available,,,1,2002,,,http://www.nthk.co.jp,http://www.eiseihoso.org:80/guide/main003-02.html,[ JPRS database provides information on network administration. Its use is    ]
ocv.ne.jp,available,,,1,2002,,,http://www.ocv.ne.jp,http://www.eiseihoso.org:80/guide/main003-02.html,[ JPRS database provides information on network administration. Its use is    ]
odawara15ch.co.jp,available,,,1,2002,,,http://www.odawara15ch.co.jp/,http://www.eiseihoso.org:80/guide/main003-02.html,[ JPRS database provides information on network administration. Its use is    ]
prime365.tv,available,,,1,2005,,,http://www.prime365.tv/,http://www.eiseihoso.org:80/cgi-bin/cs02/008shopping/top.cgi,No Data Found
punchclub.cs371.com,available,,,1,2005,,,http://punchclub.cs371.com/,http://www.eiseihoso.org:80/cgi-bin/cs02/006entertainment/top.cgi,"No match for ""PUNCHCLUB.CS371.COM""."
recruit-vc.co.jp,available,,,1,2006,,,http://www.recruit-vc.co.jp/,http://www.eiseihoso.org:80/about/member_ra.html,[ JPRS database provides information on network administration. Its use is    ]
sakura-catv.co.jp,available,,,1,2002,,,http://www.sakura-catv.co.jp,http://www.eiseihoso.org:80/guide/main003-02.html,[ JPRS database provides information on network administration. Its use is    ]
scifi.co.jp,available,,,1,2009,,,www.scifi.co.jp,http://www.eiseihoso.org:80/about/member_a.html,[ JPRS database provides information on network administration. Its use is    ]
sctv.ne.jp,available,,,1,2002,,,http://www.sctv.ne.jp,http://www.eiseihoso.org:80/guide/main003-02.html,[ JPRS database provides information on network administration. Its use is    ]
seaple-n.icc.ne.jp,available,,,1,2002,,,http://www.seaple-n.icc.ne.jp/~ttn,http://www.eiseihoso.org:80/guide/main003-02.html,[ JPRS database provides information on network administration. Its use is    ]
skyperfectv2.jp,available,,,1,2003,,,http://www.skyperfectv2.jp/,http://www.eiseihoso.org:80/links/main001.html,[ JPRS database provides information on network administration. Its use is    ]
snu.ne.jp,available,,,1,2002,,,http://www.snu.ne.jp,http://www.eiseihoso.org:80/guide/main003-02.html,[ JPRS database provides information on network administration. Its use is    ]
sptv.dncc.co.jp,available,,,1,2009,,,http://www.sptv.dncc.co.jp/,http://www.eiseihoso.org:80/guide/roadskyptv.html,[ JPRS database provides information on network administration. Its use is    ]
sutv.co.jp,available,,,1,2002,,,http://www.sutv.co.jp,http://www.eiseihoso.org:80/guide/main003-02.html,[ JPRS database provides information on network administration. Its use is    ]
tamagotoji.jp,available,,,1,2003,,,http://www.tamagotoji.jp/@,http://www.eiseihoso.org:80/cgi-bin/cs02/010data/top.cgi,[ JPRS database provides information on network administration. Its use is    ]
tcat.co.jp,available,,,1,2002,,,http://www.tcat.co.jp/,http://www.eiseihoso.org:80/guide/main003-02.html,[ JPRS database provides information on network administration. Its use is    ]
tcct.co.jp,available,,,1,2002,,,http://www.tcct.co.jp/,http://www.eiseihoso.org:80/guide/main003-02.html,[ JPRS database provides information on network administration. Its use is    ]
tctv.co.jp,available,,,1,2002,,,http://www.tctv.co.jp,http://www.eiseihoso.org:80/guide/main003-02.html,[ JPRS database provides information on network administration. Its use is    ]
tcv.or.jp,available,,,1,2002,,,http://www.tcv.or.jp,http://www.eiseihoso.org:80/guide/main003-02.html,[ JPRS database provides information on network administration. Its use is    ]
town.kami.hyogo.jp,available,,,1,2002,,,http://www.town.kami.hyogo.jp/,http://www.eiseihoso.org:80/guide/main003-02.html,[ JPRS database provides information on network administration. Its use is    ]
town.kaminaka.fukui.jp,available,,,1,2002,,,http://www.town.kaminaka.fukui.jp,http://www.eiseihoso.org:80/guide/main003-02.html,[ JPRS database provides information on network administration. Its use is    ]
town.kuse.okayama.jp,available,,,1,2002,,,http://www.town.kuse.okayama.jp,http://www.eiseihoso.org:80/guide/main003-02.html,[ JPRS database provides information on network administration. Its use is    ]
town.kushibiki.yamagata.jp,available,,,1,2002,,,http://www.town.kushibiki.yamagata.jp/,http://www.eiseihoso.org:80/guide/main003-02.html,[ JPRS database provides information on network administration. Its use is    ]
town.nagao.kagawa.jp,available,,,1,2002,,,http://www.town.nagao.kagawa.jp,http://www.eiseihoso.org:80/guide/main003-02.html,[ JPRS database provides information on network administration. Its use is    ]
town.okutsu.okayama.jp,available,,,1,2002,,,http://www.town.okutsu.okayama.jp/,http://www.eiseihoso.org:80/guide/main003-02.html,[ JPRS database provides information on network administration. Its use is    ]
town.oyama.oita.jp,available,,,1,2002,,,http://www.town.oyama.oita.jp,http://www.eiseihoso.org:80/guide/main003-02.html,[ JPRS database provides information on network administration. Its use is    ]
town.sekinomiya.hyogo.jp,available,,,1,2002,,,http://www.town.sekinomiya.hyogo.jp/,http://www.eiseihoso.org:80/guide/main003-02.html,[ JPRS database provides information on network administration. Its use is    ]
town.yatsuo.toyama.jp,available,,,1,2002,,,http://www.town.yatsuo.toyama.jp/,http://www.eiseihoso.org:80/guide/main003-02.html,[ JPRS database provides information on network administration. Its use is    ]
townkiss.co.jp,available,,,1,2002,,,http://www.townkiss.co.jp/ sotetsu_group/YCV/,http://www.eiseihoso.org:80/guide/main003-02.html,[ JPRS database provides information on network administration. Its use is    ]
uincnet.ne.jp,available,,,1,2002,,,http://www.uincnet.ne.jp,http://www.eiseihoso.org:80/guide/main003-02.html,[ JPRS database provides information on network administration. Its use is    ]
vill.yanagida.ishikawa.jp,available,,,1,2002,,,http://www.vill.yanagida.ishikawa.jp/,http://www.eiseihoso.org:80/guide/main003-02.html,[ JPRS database provides information on network administration. Its use is    ]
wombat.or.jp,available,,,1,2002,,,http://www.wombat.or.jp/,http://www.eiseihoso.org:80/guide/main003-02.html,[ JPRS database provides information on network administration. Its use is    ]
www2.shizuokanet.ne.jp,available,,,1,2002,,,http://www2.shizuokanet.ne.jp/ izu_east/,http://www.eiseihoso.org:80/guide/main003-02.html,[ JPRS database provides information on network administration. Its use is    ]
www3.ocn.ne.jp,available,,,1,2002,,,http://www3.ocn.ne.jp/~kbctv/,http://www.eiseihoso.org:80/guide/main003-02.html,[ JPRS database provides information on network administration. Its use is    ]
ytv.ne.jp,available,,,1,2002,,,http://www.ytv.ne.jp,http://www.eiseihoso.org:80/guide/main003-02.html,[ JPRS database provides information on network administration. Its use is    ]
yytv.co.jp,available,,,1,2002,,,http://www.yytv.co.jp/,http://www.eiseihoso.org:80/guide/main003-02.html,[ JPRS database provides information on network administration. Its use is    ]
catv.or.jp,unknown,,,29,"2002,2003,2004,2005,2006,2007,2008,2009",,,http://www.catv.or.jp/renmei/renmeihome.htm,http://www.eiseihoso.org:80/aboutus/main005.html,[ JPRS database provides information on network administration. Its use is    ]
jsports.co.jp,unknown,,,25,"2004,2005,2006,2007,2008,2009",,,http://www.jsports.co.jp/,http://www.eiseihoso.org:80/cgi-bin/cs01/005sports/top.cgi,[ JPRS database provides information on network administration. Its use is    ]
jcom.co.jp,unknown,,,22,"2002,2008",,,http://www.jcom.co.jp/shimonoseki,http://www.eiseihoso.org:80/guide/main003-02.html,[ JPRS database provides information on network administration. Its use is    ]
nikkei-cnbc.co.jp,unknown,,,21,"2002,2003,2004,2005,2006,2007,2008,2009",,,http://www.nikkei-cnbc.co.jp/,http://www.eiseihoso.org:80/cgi-bin/cs/008news/top.cgi?start=10&key=,[ JPRS database provides information on network administration. Its use is    ]
nhk.or.jp,unknown,,,18,"2002,2003,2004,2005,2006,2007,2008",,,http://www.nhk.or.jp/digital/,http://www.eiseihoso.org:80/bsdchlu/main.html,[ JPRS database provides information on network administration. Its use is    ]
soumu.go.jp,unknown,,,18,"2002,2003,2004,2005,2006,2007,2008,2009",,,http://www.soumu.go.jp/joho_tsusin/joho_tsusin.html,http://www.eiseihoso.org:80/aboutus/main005.html,[ JPRS database provides information on network administration. Its use is    ]
jeita.or.jp,unknown,,,16,"2002,2003,2004,2005,2006,2007,2008,2009",,,iÐjdqîñZpYÆ¦ïiJEITAj@dq@í\ªEvêåÏõï,http://www.eiseihoso.org:80/aboutus/main005.html,[ JPRS database provides information on network administration. Its use is    ]
toei.co.jp,unknown,,,13,"2002,2003,2004,2005,2006,2007,2008",,,http://www.toei.co.jp/cs/,http://www.eiseihoso.org:80/cgi-bin/cs/002cinema/top.cgi,[ JPRS database provides information on network administration. Its use is    ]
wni.co.jp,unknown,,,12,"2002,2003,2004,2005,2006",,,http://www.wni.co.jp/cww/,http://www.eiseihoso.org:80/bsdchlu/main.html,[ JPRS database provides information on network administration. Its use is    ]
cartoonnetwork.co.jp,unknown,,,11,"2002,2003,2004,2005",,,http://www.cartoonnetwork.co.jp,http://www.eiseihoso.org:80/cgi-bin/cs/004anime/top.cgi,[ JPRS database provides information on network administration. Its use is    ]
jdserve.co.jp,unknown,,,11,"2005,2006,2007,2008,2009",,,http://www.jdserve.co.jp/,http://www.eiseihoso.org:80/link/index.html,[ JPRS database provides information on network administration. Its use is    ]
jupitertv.co.jp,unknown,,,11,"2006,2007,2008,2009",,,http://www.jupitertv.co.jp/enterprise/interactv_01.html,http://www.eiseihoso.org:80/about/member_a.html,[ JPRS database provides information on network administration. Its use is    ]
manzox.ch,unknown,,,11,"2002,2003,2004,2005,2006,2007,2008",,,http://www.manzox.ch,http://www.eiseihoso.org:80/cgi-bin/cs/014adult/top.cgi?start=10&key=,Requests of this client are not permitted. Please use https://www.nic.ch/whois/ for queries.
bs-j.co.jp,unknown,,,10,"2002,2003,2004,2005",,,http://www.bs-j.co.jp/,http://www.eiseihoso.org:80/bsdchlu/main.html,[ JPRS database provides information on network administration. Its use is    ]
jvc-victor.co.jp,unknown,,,8,"2002,2003,2004,2005,2006,2007,2008,2009",,,http://www.jvc-victor.co.jp/,http://www.eiseihoso.org:80/aboutus/main003-02.html,[ JPRS database provides information on network administration. Its use is    ]
miharu.co.jp,unknown,,,8,"2002,2003,2004,2005,2006,2007,2008,2009",,,http://www.miharu.co.jp/,http://www.eiseihoso.org:80/aboutus/main003-02.html,[ JPRS database provides information on network administration. Its use is    ]
nec.co.jp,unknown,,,8,"2002,2003,2004,2005,2006,2007,2008,2009",,,http://www.nec.co.jp/,http://www.eiseihoso.org:80/aboutus/main003-02.html,[ JPRS database provides information on network administration. Its use is    ]
dkkaraoke.co.jp,unknown,,,7,"2002,2003,2004,2006,2007,2008,2009",,,http://www.dkkaraoke.co.jp/,http://www.eiseihoso.org:80/cgi-bin/member/top.cgi?start=60&key=,[ JPRS database provides information on network administration. Its use is    ]
itochu.co.jp,unknown,,,7,"2003,2004,2005,2006,2007,2008,2009",,,http://www.itochu.co.jp/main/,http://www.eiseihoso.org:80/aboutus/main003-02.html,[ JPRS database provides information on network administration. Its use is    ]
jcl.or.jp,unknown,,,7,"2005,2006,2007,2008,2009",,,http://www.jcl.or.jp/index.html,http://www.eiseihoso.org:80/link/index.html,[ JPRS database provides information on network administration. Its use is    ]
matsushita.co.jp,unknown,,,7,"2002,2003,2004,2005,2006,2007,2008",,,http://www.matsushita.co.jp/,http://www.eiseihoso.org:80/aboutus/main003-02.html,[ JPRS database provides information on network administration. Its use is    ]
sarc.or.jp,unknown,,,7,"2005,2006,2007,2008,2009",,,àc@lq¯úZLeBZ^[,http://www.eiseihoso.org:80/link/index.html,[ JPRS database provides information on network administration. Its use is    ]
shopchannel.co.jp,unknown,,,7,"2002,2003,2004,2005",,,http://www.shopchannel.co.jp/,http://www.eiseihoso.org:80/cgi-bin/cs/012shopping/top.cgi,[ JPRS database provides information on network administration. Its use is    ]
titus.co.jp,unknown,,,7,2002,,,http://www.titus.co.jp,http://www.eiseihoso.org:80/guide/main003-02.html,[ JPRS database provides information on network administration. Its use is    ]
dentsu.co.jp,unknown,,,6,"2004,2005,2006,2007,2008,2009",,,http://www.dentsu.co.jp/idx-swf.html,http://www.eiseihoso.org:80/aboutus/main003-02.html,[ JPRS database provides information on network administration. Its use is    ]
jpc.co.jp,unknown,,,6,"2002,2003,2004,2005,2006",,,http://www.jpc.co.jp/2/content/itv_compoutline.shtml,http://www.eiseihoso.org:80/aboutus/main003-02.html,[ JPRS database provides information on network administration. Its use is    ]
kandenko.co.jp,unknown,,,6,"2004,2005,2006,2007,2008,2009",,,http://www.kandenko.co.jp/,http://www.eiseihoso.org:80/aboutus/main003-02.html,[ JPRS database provides information on network administration. Its use is    ]
nhkitec.co.jp,unknown,,,6,"2004,2005,2006,2007,2008,2009",,,http://www.nhkitec.co.jp/,http://www.eiseihoso.org:80/aboutus/main003-02.html,[ JPRS database provides information on network administration. Its use is    ]
sumitomocorp.co.jp,unknown,,,6,"2004,2005,2006,2007,2008,2009",,,http://www.sumitomocorp.co.jp/,http://www.eiseihoso.org:80/aboutus/main003-02.html,[ JPRS database provides information on network administration. Its use is    ]
television.co.jp,unknown,,,6,"2006,2007,2008,2009",,,http://www.television.co.jp/,http://www.eiseihoso.org:80/csprog/index.html,[ JPRS database provides information on network administration. Its use is    ]
toho.co.jp,unknown,,,6,"2004,2005,2006,2007,2008,2009",,,http://www.toho.co.jp/,http://www.eiseihoso.org:80/aboutus/main003-02.html,[ JPRS database provides information on network administration. Its use is    ]
tokyu-agc.co.jp,unknown,,,6,"2004,2005,2006,2007,2008,2009",,,http://www.tokyu-agc.co.jp/,http://www.eiseihoso.org:80/aboutus/main003-02.html,[ JPRS database provides information on network administration. Its use is    ]
toshin.ac.jp,unknown,,,6,"2002,2003,2004",,,http://www.toshin.ac.jp,http://www.eiseihoso.org:80/cgi-bin/cs/010learn/top.cgi,[ JPRS database provides information on network administration. Its use is    ]
eigeki.co.jp,unknown,,,5,"2006,2007,2008,2009",,,http://www.eigeki.co.jp,http://www.eiseihoso.org:80/about/member_a.html,[ JPRS database provides information on network administration. Its use is    ]
fandango.co.jp,unknown,,,5,"2002,2003,2004,2005",,,http://www.fandango.co.jp/,http://www.eiseihoso.org:80/cgi-bin/cs/007ent/top.cgi?start=10&key=,[ JPRS database provides information on network administration. Its use is    ]
super-ch.com@,unknown,,,5,"2002,2003,2004",,,http://www.super-ch.com@,http://www.eiseihoso.org:80/cgi-bin/cs/003drama/top.cgi,No whois server is known for this kind of object.
daiwa.co.jp,unknown,,,4,"2002,2003,2004",,,http://www.daiwa.co.jp/daiwa766/,http://www.eiseihoso.org:80/cgi-bin/cs/009hobby/top.cgi,[ JPRS database provides information on network administration. Its use is    ]
fdd.tv,unknown,,,4,"2004,2005",,,http://www.fdd.tv/,http://www.eiseihoso.org:80/cgi-bin/cs01/012shopping/top.cgi,Reserved Domain Name
jam.jp,unknown,,,4,2003,,,http://www.jam.jp,http://www.eiseihoso.org:80/cgi-bin/cs/014adult/top.cgi,<JPRS WHOIS HELP>
kntv.co.jp,unknown,,,4,"2006,2009",,,http://www.kntv.co.jp/index.php,http://www.eiseihoso.org:80/about/member_ka.html,[ JPRS database provides information on network administration. Its use is    ]
nhk-sw.co.jp,unknown,,,4,"2002,2003,2004,2005",,,http://www.nhk-sw.co.jp/,http://www.eiseihoso.org:80/aboutus/main003-02.html,[ JPRS database provides information on network administration. Its use is    ]
weather-service.co.jp,unknown,,,4,"2004,2005,2006,2007",,,http://www.weather-service.co.jp/,http://www.eiseihoso.org:80/aboutus/main003-02.html,[ JPRS database provides information on network administration. Its use is    ]
dncc.co.jp,unknown,,,3,"2007,2008,2009",,,http://www.dncc.co.jp/,http://www.eiseihoso.org:80/about/002-01.html,[ JPRS database provides information on network administration. Its use is    ]
iijnet.or.jp,unknown,,,3,"2002,2003,2004",,,http://www.iijnet.or.jp/JSAT/,http://www.eiseihoso.org:80/aboutus/main003-02.html,[ JPRS database provides information on network administration. Its use is    ]
kit-manzox.co.jp,unknown,,,3,"2002,2003",,,http://www.kit-manzox.co.jp,http://www.eiseihoso.org:80/cgi-bin/cs/007ent/top.cgi,[ JPRS database provides information on network administration. Its use is    ]
omp.co.jp,unknown,,,3,"2002,2003,2004",,,http://www.omp.co.jp/,http://www.eiseihoso.org:80/aboutus/main003-02.html,[ JPRS database provides information on network administration. Its use is    ]
toppan.co.jp,unknown,,,3,"2002,2003",,,http://www.toppan.co.jp/multimedia/cs/,http://www.eiseihoso.org:80/cgi-bin/cs/008news/top.cgi,[ JPRS database provides information on network administration. Its use is    ]
catv-kobe.co.jp,unknown,,,2,2002,,,http://www.catv-kobe.co.jp,http://www.eiseihoso.org:80/guide/main003-02.html,[ JPRS database provides information on network administration. Its use is    ]
foxjapan.com@,unknown,,,2,"2003,2004",,,http://www.foxjapan.com@,http://www.eiseihoso.org:80/cgi-bin/member/top.cgi?start=80&key=,No whois server is known for this kind of object.
sado.co.jp,unknown,,,2,2002,,,http://www.sado.co.jp/st-net/,http://www.eiseihoso.org:80/guide/main003-02.html,[ JPRS database provides information on network administration. Its use is    ]
usen.co.jp,unknown,,,2,"2003,2004",,,http://www.usen.co.jp/,http://www.eiseihoso.org:80/cgi-bin/member/top.cgi?start=100&key=,[ JPRS database provides information on network administration. Its use is    ]
accs.or.jp,unknown,,,1,2002,,,http://www.accs.or.jp,http://www.eiseihoso.org:80/guide/main003-02.html,[ JPRS database provides information on network administration. Its use is    ]
adachi.ne.jp,unknown,,,1,2002,,,http://www.adachi.ne.jp,http://www.eiseihoso.org:80/guide/main003-02.html,[ JPRS database provides information on network administration. Its use is    ]
amigo.ne.jp,unknown,,,1,2002,,,http://www.amigo.ne.jp,http://www.eiseihoso.org:80/guide/main003-02.html,[ JPRS database provides information on network administration. Its use is    ]
avis.ne.jp,unknown,,,1,2002,,,http://www.avis.ne.jp/~scv-tv,http://www.eiseihoso.org:80/guide/main003-02.html,[ JPRS database provides information on network administration. Its use is    ]
ayu.ne.jp,unknown,,,1,2002,,,http://www.ayu.ne.jp/,http://www.eiseihoso.org:80/guide/main003-02.html,[ JPRS database provides information on network administration. Its use is    ]
banban.co.jp,unknown,,,1,2002,,,http://www.banban.co.jp/ banbantv.htm/,http://www.eiseihoso.org:80/guide/main003-02.html,[ JPRS database provides information on network administration. Its use is    ]
baynet.ne.jp,unknown,,,1,2002,,,http://www.baynet.ne.jp/,http://www.eiseihoso.org:80/guide/main003-02.html,[ JPRS database provides information on network administration. Its use is    ]
baz.tv,unknown,,,1,2003,,,http://www.baz.tv/@,http://www.eiseihoso.org:80/cgi-bin/cs02/010data/top.cgi,Reserved Domain Name
bc9.ne.jp,unknown,,,1,2002,,,http://www.bc9.ne.jp/,http://www.eiseihoso.org:80/guide/main003-02.html,[ JPRS database provides information on network administration. Its use is    ]
btvm.ne.jp,unknown,,,1,2002,,,http://www.btvm.ne.jp/,http://www.eiseihoso.org:80/guide/main003-02.html,[ JPRS database provides information on network administration. Its use is    ]
c-d-k.ne.jp,unknown,,,1,2002,,,http://www.c-d-k.ne.jp/icc/,http://www.eiseihoso.org:80/guide/main003-02.html,[ JPRS database provides information on network administration. Its use is    ]
c-marinet.ne.jp,unknown,,,1,2002,,,http://www.c-marinet.ne.jp,http://www.eiseihoso.org:80/guide/main003-02.html,[ JPRS database provides information on network administration. Its use is    ]
cable-net.ne.jp,unknown,,,1,2002,,,http://www.cable-net.ne.jp,http://www.eiseihoso.org:80/guide/main003-02.html,[ JPRS database provides information on network administration. Its use is    ]
cablenet.co.jp,unknown,,,1,2002,,,http://www.cablenet.co.jp,http://www.eiseihoso.org:80/guide/main003-02.html,[ JPRS database provides information on network administration. Its use is    ]
cat-v.co.jp,unknown,,,1,2002,,,http://www.cat-v.co.jp,http://www.eiseihoso.org:80/guide/main003-02.html,[ JPRS database provides information on network administration. Its use is    ]
catv.ne.jp,unknown,,,1,2002,,,http://www.catv.ne.jp,http://www.eiseihoso.org:80/guide/main003-02.html,[ JPRS database provides information on network administration. Its use is    ]
catv296.co.jp,unknown,,,1,2002,,,http://www.catv296.co.jp/,http://www.eiseihoso.org:80/guide/main003-02.html,[ JPRS database provides information on network administration. Its use is    ]
catvmics.ne.jp,unknown,,,1,2002,,,http://www.catvmics.ne.jp,http://www.eiseihoso.org:80/guide/main003-02.html,[ JPRS database provides information on network administration. Its use is    ]
catvy.ne.jp,unknown,,,1,2002,,,http://www.catvy.ne.jp/,http://www.eiseihoso.org:80/guide/main003-02.html,[ JPRS database provides information on network administration. Its use is    ]
cc22.ne.jp,unknown,,,1,2002,,,http://www.cc22.ne.jp/,http://www.eiseihoso.org:80/guide/main003-02.html,[ JPRS database provides information on network administration. Its use is    ]
cc9.ne.jp,unknown,,,1,2002,,,http://www.cc9.ne.jp/,http://www.eiseihoso.org:80/guide/main003-02.html,[ JPRS database provides information on network administration. Its use is    ]
ccjnet.ne.jp,unknown,,,1,2002,,,http://www.ccjnet.ne.jp,http://www.eiseihoso.org:80/guide/main003-02.html,[ JPRS database provides information on network administration. Its use is    ]
ccv.ne.jp,unknown,,,1,2002,,,http://www.ccv.ne.jp,http://www.eiseihoso.org:80/guide/main003-02.html,[ JPRS database provides information on network administration. Its use is    ]
cityfujisawa.ne.jp,unknown,,,1,2002,,,http://www.cityfujisawa.ne.jp/~catv,http://www.eiseihoso.org:80/guide/main003-02.html,[ JPRS database provides information on network administration. Its use is    ]
cnc.co.jp,unknown,,,1,2002,,,http://www.cnc.co.jp,http://www.eiseihoso.org:80/guide/main003-02.html,[ JPRS database provides information on network administration. Its use is    ]
cncm.ne.jp,unknown,,,1,2002,,,http://www.cncm.ne.jp/,http://www.eiseihoso.org:80/guide/main003-02.html,[ JPRS database provides information on network administration. Its use is    ]
cns-tv.co.jp,unknown,,,1,2002,,,http://www.cns-tv.co.jp,http://www.eiseihoso.org:80/guide/main003-02.html,[ JPRS database provides information on network administration. Its use is    ]
ctb.ne.jp,unknown,,,1,2002,,,http://www.ctb.ne.jp,http://www.eiseihoso.org:80/guide/main003-02.html,[ JPRS database provides information on network administration. Its use is    ]
ctechcorp.co.jp,unknown,,,1,2002,,,http://www.ctechcorp.co.jp/,http://www.eiseihoso.org:80/guide/main003-02.html,[ JPRS database provides information on network administration. Its use is    ]
ctk.ne.jp,unknown,,,1,2002,,,http://www.CTK.ne.jp,http://www.eiseihoso.org:80/guide/main003-02.html,[ JPRS database provides information on network administration. Its use is    ]
cty-net.ne.jp,unknown,,,1,2002,,,http://www.cty-net.ne.jp,http://www.eiseihoso.org:80/guide/main003-02.html,[ JPRS database provides information on network administration. Its use is    ]
cvc.co.jp,unknown,,,1,2002,,,http://www.cvc.co.jp,http://www.eiseihoso.org:80/guide/main003-02.html,[ JPRS database provides information on network administration. Its use is    ]
cwo.co.jp,unknown,,,1,2002,,,http://www.cwo.co.jp,http://www.eiseihoso.org:80/guide/main003-02.html,[ JPRS database provides information on network administration. Its use is    ]
fctv.co.jp,unknown,,,1,2002,,,http://www.fctv.co.jp/,http://www.eiseihoso.org:80/guide/main003-02.html,[ JPRS database provides information on network administration. Its use is    ]
fureai-ch.ne.jp,unknown,,,1,2002,,,http://www.fureai-ch.ne.jp,http://www.eiseihoso.org:80/guide/main003-02.html,[ JPRS database provides information on network administration. Its use is    ]
haginet.ne.jp,unknown,,,1,2002,,,http://www.haginet.ne.jp/,http://www.eiseihoso.org:80/guide/main003-02.html,[ JPRS database provides information on network administration. Its use is    ]
hbs.ne.jp,unknown,,,1,2002,,,http://www.hbs.ne.jp,http://www.eiseihoso.org:80/guide/main003-02.html,[ JPRS database provides information on network administration. Its use is    ]
hicat.ne.jp,unknown,,,1,2002,,,http://www.hicat.ne.jp,http://www.eiseihoso.org:80/guide/main003-02.html,[ JPRS database provides information on network administration. Its use is    ]
himawari.co.jp,unknown,,,1,2002,,,http://www.himawari.co.jp,http://www.eiseihoso.org:80/guide/main003-02.html,[ JPRS database provides information on network administration. Its use is    ]
hinocatv.ne.jp,unknown,,,1,2002,,,http://www.hinocatv.ne.jp,http://www.eiseihoso.org:80/guide/main003-02.html,[ JPRS database provides information on network administration. Its use is    ]
hottv.ne.jp,unknown,,,1,2002,,,http://www.hottv.ne.jp,http://www.eiseihoso.org:80/guide/main003-02.html,[ JPRS database provides information on network administration. Its use is    ]
htv-net.ne.jp,unknown,,,1,2002,,,http://www.htv-net.ne.jp/,http://www.eiseihoso.org:80/guide/main003-02.html,[ JPRS database provides information on network administration. Its use is    ]
icn-tv.ne.jp,unknown,,,1,2002,,,http://www.icn-tv.ne.jp/,http://www.eiseihoso.org:80/guide/main003-02.html,[ JPRS database provides information on network administration. Its use is    ]
icnet.ne.jp,unknown,,,1,2002,,,http://www.icnet.ne.jp,http://www.eiseihoso.org:80/guide/main003-02.html,[ JPRS database provides information on network administration. Its use is    ]
icntv.ne.jp,unknown,,,1,2002,,,http://www.icntv.ne.jp,http://www.eiseihoso.org:80/guide/main003-02.html,[ JPRS database provides information on network administration. Its use is    ]
ict.ne.jp,unknown,,,1,2002,,,http://www.ict.ne.jp,http://www.eiseihoso.org:80/guide/main003-02.html,[ JPRS database provides information on network administration. Its use is    ]
ictnet.co.jp,unknown,,,1,2002,,,http://www.ictnet.co.jp,http://www.eiseihoso.org:80/guide/main003-02.html,[ JPRS database provides information on network administration. Its use is    ]
ictv.ne.jp,unknown,,,1,2002,,,http://www.ictv.ne.jp/,http://www.eiseihoso.org:80/guide/main003-02.html,[ JPRS database provides information on network administration. Its use is    ]
icv.ne.jp,unknown,,,1,2002,,,http://www.icv.ne.jp/,http://www.eiseihoso.org:80/guide/main003-02.html,[ JPRS database provides information on network administration. Its use is    ]
ise-ics.co.jp,unknown,,,1,2002,,,http://www.ise-ics.co.jp/ hometown/iinan/ciao.html,http://www.eiseihoso.org:80/guide/main003-02.html,[ JPRS database provides information on network administration. Its use is    ]
islands.ne.jp,unknown,,,1,2002,,,http://www.islands.ne.jp/ uoshima/catv.html,http://www.eiseihoso.org:80/guide/main003-02.html,[ JPRS database provides information on network administration. Its use is    ]
jbs.tv,unknown,,,1,2003,,,"http://jbs.tv/""",http://www.eiseihoso.org:80/cgi-bin/member/top.cgi?start=80&key=,Reserved Domain Name
kawaguchiko.ne.jp,unknown,,,1,2002,,,http://www.kawaguchiko.ne.jp/,http://www.eiseihoso.org:80/guide/main003-02.html,[ JPRS database provides information on network administration. Its use is    ]
kcb.co.jp,unknown,,,1,2002,,,http://www.kcb.co.jp,http://www.eiseihoso.org:80/guide/main003-02.html,[ JPRS database provides information on network administration. Its use is    ]
kcn-tv.ne.jp,unknown,,,1,2002,,,http://www.kcn-tv.ne.jp,http://www.eiseihoso.org:80/guide/main003-02.html,[ JPRS database provides information on network administration. Its use is    ]
kctv.co.jp,unknown,,,1,2002,,,http://www.kctv.co.jp,http://www.eiseihoso.org:80/guide/main003-02.html,[ JPRS database provides information on network administration. Its use is    ]
kinet-tv.ne.jp,unknown,,,1,2002,,,http://www.kinet-tv.ne.jp/top.html,http://www.eiseihoso.org:80/guide/main003-02.html,[ JPRS database provides information on network administration. Its use is    ]
kitanet.co.jp,unknown,,,1,2002,,,http://www.kitanet.co.jp,http://www.eiseihoso.org:80/guide/main003-02.html,[ JPRS database provides information on network administration. Its use is    ]
kumin.ne.jp,unknown,,,1,2002,,,http://www.kumin.ne.jp/kumin,http://www.eiseihoso.org:80/guide/main003-02.html,[ JPRS database provides information on network administration. Its use is    ]
mable.co.jp,unknown,,,1,2002,,,http://www.mable.co.jp,http://www.eiseihoso.org:80/guide/main003-02.html,[ JPRS database provides information on network administration. Its use is    ]
mcat.co.jp,unknown,,,1,2002,,,http://www.mcat.co.jp,http://www.eiseihoso.org:80/guide/main003-02.html,[ JPRS database provides information on network administration. Its use is    ]
mct.ne.jp,unknown,,,1,2002,,,http://www.mct.ne.jp,http://www.eiseihoso.org:80/guide/main003-02.html,[ JPRS database provides information on network administration. Its use is    ]
mctv.ne.jp,unknown,,,1,2002,,,http://www.mctv.ne.jp,http://www.eiseihoso.org:80/guide/main003-02.html,[ JPRS database provides information on network administration. Its use is    ]
melco.co.jp,unknown,,,1,2002,,,http://www.melco.co.jp/,http://www.eiseihoso.org:80/aboutus/main003-02.html,[ JPRS database provides information on network administration. Its use is    ]
mytv.co.jp,unknown,,,1,2002,,,http://www.mytv.co.jp,http://www.eiseihoso.org:80/guide/main003-02.html,[ JPRS database provides information on network administration. Its use is    ]
nankai.co.jp,unknown,,,1,2002,,,http://www.nankai.co.jp,http://www.eiseihoso.org:80/guide/main003-02.html,Cannot process your search request.
nava21.co.jp,unknown,,,1,2002,,,http://www.nava21.co.jp,http://www.eiseihoso.org:80/guide/main003-02.html,[ JPRS database provides information on network administration. Its use is    ]
nctv.co.jp,unknown,,,1,2002,,,http://www.nctv.co.jp,http://www.eiseihoso.org:80/guide/main003-02.html,[ JPRS database provides information on network administration. Its use is    ]
ncv-y.co.jp,unknown,,,1,2002,,,http://www.ncv-y.co.jp,http://www.eiseihoso.org:80/guide/main003-02.html,[ JPRS database provides information on network administration. Its use is    ]
ncv.ne.jp,unknown,,,1,2002,,,http://www.ncv.ne.jp,http://www.eiseihoso.org:80/guide/main003-02.html,[ JPRS database provides information on network administration. Its use is    ]
nns-catv.co.jp,unknown,,,1,2002,,,http://www.nns-catv.co.jp,http://www.eiseihoso.org:80/guide/main003-02.html,[ JPRS database provides information on network administration. Its use is    ]
oct-net.ne.jp,unknown,,,1,2002,,,http://www.oct-net.ne.jp,http://www.eiseihoso.org:80/guide/main003-02.html,[ JPRS database provides information on network administration. Its use is    ]
octv.ne.jp,unknown,,,1,2002,,,http://www.octv.ne.jp/,http://www.eiseihoso.org:80/guide/main003-02.html,[ JPRS database provides information on network administration. Its use is    ]
ogaki-tv.co.jp,unknown,,,1,2002,,,http://www.ogaki-tv.co.jp,http://www.eiseihoso.org:80/guide/main003-02.html,[ JPRS database provides information on network administration. Its use is    ]
rcn.ne.jp,unknown,,,1,2002,,,http://www.rcn.ne.jp,http://www.eiseihoso.org:80/guide/main003-02.html,[ JPRS database provides information on network administration. Its use is    ]
rosenet.ne.jp,unknown,,,1,2002,,,http://www.rosenet.ne.jp,http://www.eiseihoso.org:80/guide/main003-02.html,[ JPRS database provides information on network administration. Its use is    ]
s-cnet.ne.jp,unknown,,,1,2002,,,http://www.s-cnet.ne.jp/,http://www.eiseihoso.org:80/guide/main003-02.html,[ JPRS database provides information on network administration. Its use is    ]
scatv.ne.jp,unknown,,,1,2002,,,http://www.scatv.ne.jp,http://www.eiseihoso.org:80/guide/main003-02.html,[ JPRS database provides information on network administration. Its use is    ]
shimabara.ne.jp,unknown,,,1,2002,,,http://www.shimabara.ne.jp/,http://www.eiseihoso.org:80/guide/main003-02.html,[ JPRS database provides information on network administration. Its use is    ]
shoku-chan.com@,unknown,,,1,2002,,,http://www.shoku-chan.com@,http://www.eiseihoso.org:80/cgi-bin/cs/009hobby/top.cgi,No whois server is known for this kind of object.
spaceshowertv.com@,unknown,,,1,2002,,,http://www.spaceshowertv.com@,http://www.eiseihoso.org:80/cgi-bin/member/top.cgi?start=60&key=,No whois server is known for this kind of object.
starcat.co.jp,unknown,,,1,2002,,,http://www.starcat.co.jp,http://www.eiseihoso.org:80/guide/main003-02.html,[ JPRS database provides information on network administration. Its use is    ]
t-catv.co.jp,unknown,,,1,2002,,,http://www.t-catv.co.jp/.,http://www.eiseihoso.org:80/guide/main003-02.html,[ JPRS database provides information on network administration. Its use is    ]
t-net.ne.jp,unknown,,,1,2002,,,http://www.t-net.ne.jp,http://www.eiseihoso.org:80/guide/main003-02.html,[ JPRS database provides information on network administration. Its use is    ]
tac-net.co.jp,unknown,,,1,2002,,,http://www.tac-net.co.jp,http://www.eiseihoso.org:80/guide/main003-02.html,[ JPRS database provides information on network administration. Its use is    ]
tamatele.co.jp,unknown,,,1,2002,,,http://www.tamatele.co.jp,http://www.eiseihoso.org:80/guide/main003-02.html,[ JPRS database provides information on network administration. Its use is    ]
tcn-catv.co.jp,unknown,,,1,2002,,,http://www.tcn-catv.co.jp,http://www.eiseihoso.org:80/guide/main003-02.html,[ JPRS database provides information on network administration. Its use is    ]
tctvnet.co.jp,unknown,,,1,2002,,,http://www.tctvnet.co.jp/,http://www.eiseihoso.org:80/guide/main003-02.html,[ JPRS database provides information on network administration. Its use is    ]
tees.ne.jp,unknown,,,1,2002,,,http://www.tees.ne.jp/,http://www.eiseihoso.org:80/guide/main003-02.html,[ JPRS database provides information on network administration. Its use is    ]
tmtv.ne.jp,unknown,,,1,2002,,,http://www.tmtv.ne.jp,http://www.eiseihoso.org:80/guide/main003-02.html,[ JPRS database provides information on network administration. Its use is    ]
toptower.co.jp,unknown,,,1,2002,,,http://www.toptower.co.jp/,http://www.eiseihoso.org:80/guide/main003-02.html,[ JPRS database provides information on network administration. Its use is    ]
toua-u.ac.jp,unknown,,,1,2002,,,http://www.toua-u.ac.jp/univcs/,http://www.eiseihoso.org:80/cgi-bin/cs/010learn/top.cgi,[ JPRS database provides information on network administration. Its use is    ]
town.takino.hyogo.jp,unknown,,,1,2002,,,http://www.town.takino.hyogo.jp/,http://www.eiseihoso.org:80/guide/main003-02.html,[ JPRS database provides information on network administration. Its use is    ]
ttv.ne.jp,unknown,,,1,2002,,,http://www.ttv.ne.jp,http://www.eiseihoso.org:80/guide/main003-02.html,[ JPRS database provides information on network administration. Its use is    ]
tulipnet.co.jp,unknown,,,1,2002,,,http://www.tulipnet.co.jp,http://www.eiseihoso.org:80/guide/main003-02.html,[ JPRS database provides information on network administration. Its use is    ]
tvg.ne.jp,unknown,,,1,2002,,,http://www.tvg.ne.jp/,http://www.eiseihoso.org:80/guide/main003-02.html,[ JPRS database provides information on network administration. Its use is    ]
tvk.ne.jp,unknown,,,1,2002,,,http://www.tvk.ne.jp,http://www.eiseihoso.org:80/guide/main003-02.html,[ JPRS database provides information on network administration. Its use is    ]
tvm.co.jp,unknown,,,1,2002,,,http://www.tvm.co.jp,http://www.eiseihoso.org:80/guide/main003-02.html,[ JPRS database provides information on network administration. Its use is    ]
tvoyama.ne.jp,unknown,,,1,2002,,,http://www.tvoyama.ne.jp/,http://www.eiseihoso.org:80/guide/main003-02.html,[ JPRS database provides information on network administration. Its use is    ]
tvt.ne.jp,unknown,,,1,2002,,,http://www.tvt.ne.jp,http://www.eiseihoso.org:80/guide/main003-02.html,[ JPRS database provides information on network administration. Its use is    ]
ucatv.ne.jp,unknown,,,1,2002,,,http://www.ucatv.ne.jp/catv,http://www.eiseihoso.org:80/guide/main003-02.html,[ JPRS database provides information on network administration. Its use is    ]
wainet.co.jp,unknown,,,1,2002,,,http://www.wainet.co.jp,http://www.eiseihoso.org:80/guide/main003-02.html,[ JPRS database provides information on network administration. Its use is    ]
watv.ne.jp,unknown,,,1,2002,,,http://www.watv.ne.jp/,http://www.eiseihoso.org:80/guide/main003-02.html,[ JPRS database provides information on network administration. Its use is    ]
web-sanin.co.jp,unknown,,,1,2002,,,http://www.web-sanin.co.jp/ local/nita/,http://www.eiseihoso.org:80/guide/main003-02.html,[ JPRS database provides information on network administration. Its use is    ]
winknet.ne.jp,unknown,,,1,2002,,,http://www.winknet.ne.jp/,http://www.eiseihoso.org:80/guide/main003-02.html,[ JPRS database provides information on network administration. Its use is    ]
ztv.co.jp,unknown,,,1,2002,,,http://www.ztv.co.jp,http://www.eiseihoso.org:80/guide/main003-02.html,[ JPRS database provides information on network administration. Its use is    ]
classica-jp.com,taken,"GMO Internet Group, Inc. d/b/a Onamae.com",2026-08-07T09:27:42Z,17,"2002,2003,2004,2005,2006,2007,2008,2009",,,http://www.classica-jp.com/,http://www.eiseihoso.org:80/cgi-bin/cs/006music/top.cgi,Domain Name: CLASSICA-JP.COM
jsat.net,taken,"GMO Internet Group, Inc. d/b/a Onamae.com",2027-01-06T09:21:16Z,17,"2002,2003,2004,2005,2006,2007,2008",,,http://www.jsat.net/,http://www.eiseihoso.org:80/aboutus/main005.html,Domain Name: JSAT.NET
nihon-eiga.com,taken,"GMO Internet Group, Inc. d/b/a Onamae.com",2027-01-12T10:38:41Z,17,"2002,2003,2004,2005,2006,2007,2008,2009",,,http://www.nihon-eiga.com/,http://www.eiseihoso.org:80/cgi-bin/cs/002cinema/top.cgi,Domain Name: NIHON-EIGA.COM
clubdam.com,taken,"Japan Registry Services Co., Ltd.",2027-04-19T14:23:58Z,15,"2002,2003,2004,2005,2007,2008,2009",,,http://www.clubdam.com/eco/eco_ie/frame1.html,http://www.eiseihoso.org:80/cgi-bin/cs/006music/top.cgi,Domain Name: CLUBDAM.COM
e2sptv.jp,taken,SKY Perfect JSAT Corporation,,15,"2007,2008,2009",,,http://www.e2sptv.jp/prog110/Customize,http://www.eiseihoso.org/about/member_ma.html,[ JPRS database provides information on network administration. Its use is    ]
at-x.com,taken,"GMO Internet Group, Inc. d/b/a Onamae.com",2026-11-30T05:00:00Z,14,"2002,2003,2004,2005,2006,2007,2008,2009",,,http://www.at-x.com/,http://www.eiseihoso.org:80/cgi-bin/cs/004anime/top.cgi,Domain Name: AT-X.COM
jidaigeki.com,taken,"GMO Internet Group, Inc. d/b/a Onamae.com",2027-02-15T06:58:46Z,14,"2002,2003,2004,2006,2007,2008,2009",,,http://www.jidaigeki.com/,http://www.eiseihoso.org:80/cgi-bin/cs/003drama/top.cgi,Domain Name: JIDAIGEKI.COM
foxjapan.com,taken,"GoDaddy Corporate Domains, LLC",2026-11-19T05:00:00Z,13,"2002,2003,2004,2006,2007,2008",,,http://www.foxjapan.com/tv/,http://www.eiseihoso.org:80/cgi-bin/cs/007ent/top.cgi?start=10&key=,Domain Name: FOXJAPAN.COM
jskysports.com,taken,MarkMonitor Inc.,2026-11-04T11:58:46Z,12,"2002,2003",,,http://www.jskysports.com,http://www.eiseihoso.org:80/cgi-bin/cs/005sports/top.cgi,Domain Name: JSKYSPORTS.COM
skyperfectv110.jp,taken,SKY Perfect JSAT Corporation,,11,"2004,2005,2006,2007",,,http://www.skyperfectv110.jp/prog110/Customize,http://www.eiseihoso.org:80/links/main001.html,[ JPRS database provides information on network administration. Its use is    ]
csq-tv.com,taken,DropCatch.com 782 LLC,2027-02-23T19:03:21Z,9,"2003,2004,2005,2006,2007,2008",,,http://www.csq-tv.com/,http://www.eiseihoso.org:80/cgi-bin/cs02/009promo/top.cgi,Domain Name: CSQ-TV.COM
e-tenki.net,taken,"GMO Internet Group, Inc. d/b/a Onamae.com",2027-02-28T06:27:55Z,9,"2002,2003,2004,2005,2007,2008,2009",,,http://www.e-tenki.net/,http://www.eiseihoso.org:80/cgi-bin/cs/008news/top.cgi,Domain Name: E-TENKI.NET
skystage.net,taken,"Japan Registry Services Co., Ltd.",2027-01-18T10:51:10Z,9,"2003,2004,2005,2006,2007,2008",,,http://www.skystage.net/,http://www.eiseihoso.org:80/cgi-bin/cs02/006entertainment/top.cgi,Domain Name: SKYSTAGE.NET
access-tv.net,taken,"GMO Internet Group, Inc. d/b/a Onamae.com",2026-05-10T08:53:17Z,8,"2002,2003,2004,2005",,,http://www.access-tv.net,http://www.eiseihoso.org:80/cgi-bin/cs/008news/top.cgi,Domain Name: ACCESS-TV.NET
qvcjp.com,taken,MarkMonitor Inc.,2027-06-16T14:18:44Z,8,"2002,2003,2004",,,http://www.qvcjp.com/,http://www.eiseihoso.org:80/cgi-bin/cs/012shopping/top.cgi,Domain Name: QVCJP.COM
animal-planet.jp,taken,TDK Design Inc.,,7,"2005,2007,2008,2009",,,http://www.animal-planet.jp,http://www.eiseihoso.org:80/cgi-bin/cs01/007ent/top.cgi,[ JPRS database provides information on network administration. Its use is    ]
adk.jp,taken,ADK Holdings Inc.,,6,"2004,2005,2006,2007,2008,2009",,,http://www.adk.jp/,http://www.eiseihoso.org:80/aboutus/main003-02.html,[ JPRS database provides information on network administration. Its use is    ]
cs-nippon.com,taken,"Japan Registry Services Co., Ltd.",2027-04-02T07:56:14Z,6,"2003,2004,2005,2006,2007,2008",,,http://www.cs-nippon.com/guide/146ch.htm,http://www.eiseihoso.org:80/cgi-bin/cs03/009culture/top.cgi,Domain Name: CS-NIPPON.COM
kojima.net,taken,"Japan Registry Services Co., Ltd.",2026-05-10T04:00:00Z,6,"2002,2003,2004,2005",,,http://www.kojima.net/,http://www.eiseihoso.org:80/cgi-bin/cs/012shopping/top.cgi,Domain Name: KOJIMA.NET
v135.com,taken,"eName Technology Co., Ltd.",2026-10-28T02:59:30Z,6,"2002,2003,2004,2005",,,http://www.v135.com,http://www.eiseihoso.org:80/cgi-bin/cs/001ppv/top.cgi?start=30&key=,Domain Name: V135.COM
express.jp,taken,"EXPRESS Co.,Ltd",,5,"2006,2007,2008,2009",,,http://www.express.jp/,http://www.eiseihoso.org:80/about/member_a.html,[ JPRS database provides information on network administration. Its use is    ]
iryoufukushi.com,taken,"GMO Internet Group, Inc. d/b/a Onamae.com",2027-04-24T12:25:59Z,5,"2004,2005,2006,2007,2008",,,http://www.iryoufukushi.com/,http://www.eiseihoso.org:80/cgi-bin/member/top.cgi?start=10&key=,Domain Name: IRYOUFUKUSHI.COM
news24.jp,taken,NTV Wands Inc.,,5,"2007,2008,2009",,,http://www.news24.jp/news24/,http://www.eiseihoso.org/contents/news_docu.html,[ JPRS database provides information on network administration. Its use is    ]
imagicatv.jp,taken,WOWOW PLUS INC.,,4,"2006,2007,2008,2009",,,http://www.imagicatv.jp,http://www.eiseihoso.org:80/about/member_a.html,[ JPRS database provides information on network administration. Its use is    ]
interlocal.tv,taken,"GMO Internet, Inc. d/b/a Onamae.com",2027-11-28T11:49:48Z,4,"2008,2009",,,http://www.interlocal.tv/,http://www.eiseihoso.org:80/contents/ent_hobby.html,Domain Name: interlocal.tv
nitteleplus.com,taken,"Japan Registry Services Co., Ltd.",2026-10-19T08:03:47Z,4,"2007,2008,2009",,,http://www.nitteleplus.com/,http://www.eiseihoso.org/contents/ent_hobby.html,Domain Name: NITTELEPLUS.COM
foodiestv.jp,taken,WOWOW PLUS INC.,,3,"2008,2009",,,http://www.foodiestv.jp/,http://www.eiseihoso.org:80/channelcafe/,[ JPRS database provides information on network administration. Its use is    ]
investation.com,taken,"GoDaddy.com, LLC",2026-11-04T19:33:41Z,3,"2002,2003",,,http://www.investation.com,http://www.eiseihoso.org:80/cgi-bin/cs/008news/top.cgi,Domain Name: INVESTATION.COM
tv-asahi-channel.com,taken,"GMO Internet Group, Inc. d/b/a Onamae.com",2026-05-16T18:54:47Z,3,"2006,2007",,,http://www.tv-asahi-channel.com/,http://www.eiseihoso.org:80/about/member_ta.html,Domain Name: TV-ASAHI-CHANNEL.COM
tv-asahi-channel.jp,taken,tv asahi corporation,,2,2008,,,,http://www.eiseihoso.org:80/channelcafe/,[ JPRS database provides information on network administration. Its use is    ]
edogawa.com,taken,Kagoya Japan Inc.,2026-09-22T04:00:00Z,1,2002,,,http://www.edogawa.com/cable-tv/,http://www.eiseihoso.org:80/guide/main003-02.html,Domain Name: EDOGAWA.COM
sukachan.com,taken,"GMO Internet Group, Inc. d/b/a Onamae.com",2026-07-16T05:52:13Z,1,2009,,,http://www.sukachan.com,http://www.eiseihoso.org:80/contents/movie.html,Domain Name: SUKACHAN.COM
