domain,link_count,years_seen,first_seen,last_seen,sample_anchor,sample_source_url,is_alive,genre,memo
ppvj.co.jp,148,"2002,2003,2004,2005",20020108234740,20050913220501,http://www.ppvj.co.jp,http://www.eiseihoso.org:80/cgi-bin/cs/001ppv/top.cgi,False,,
home.cherrybomb.co.jp,19,"2002,2003,2004,2005",20020308030322,20050215015556,http://home.cherrybomb.co.jp,http://www.eiseihoso.org:80/cgi-bin/cs/014adult/top.cgi,False,,
jcom.co.jp,18,2002,20020302070423,20020302070423,http://www.jcom.co.jp/shimonoseki,http://www.eiseihoso.org:80/guide/main003-02.html,False,,
ipctv.co.jp,16,"2002,2003,2004,2005",20020311214208,20050215015556,http://www.ipctv.co.jp/332/index.html,http://www.eiseihoso.org:80/cgi-bin/cs/011fl/top.cgi,False,,
japan.discovery.com,15,"2002,2003,2004,2005",20020306011456,20050728160526,http://japan.discovery.com/animal-planet/,http://www.eiseihoso.org:80/cgi-bin/cs/007ent/top.cgi,False,,
nhk.or.jp,15,"2002,2003,2004,2005",20020221040753,20050312095115,http://www.nhk.or.jp/digital/,http://www.eiseihoso.org:80/bsdchlu/main.html,False,,
megaport.ne.jp,14,"2002,2003,2004,2005",20020221040753,20050312095115,http://www.megaport.ne.jp/cs900/index.html@,http://www.eiseihoso.org:80/bsdchlu/main.html,False,,
pbj.co.jp,14,"2002,2003,2004,2005",20020308030322,20050208211404,http://www.pbj.co.jp,http://www.eiseihoso.org:80/cgi-bin/cs/014adult/top.cgi,False,,
catv.or.jp,13,"2002,2003,2004,2005",20020617001534,20051028023200,http://www.catv.or.jp/renmei/renmeihome.htm,http://www.eiseihoso.org:80/aboutus/main005.html,False,,
jskysports.com,12,"2002,2003",20020616145116,20030423090937,http://www.jskysports.com,http://www.eiseihoso.org:80/cgi-bin/cs/005sports/top.cgi,False,,
medianox.co.jp,12,"2002,2003,2004,2005",20020308030322,20050208145354,http://www.medianox.co.jp,http://www.eiseihoso.org:80/cgi-bin/cs/014adult/top.cgi,False,,
soumu.go.jp,12,"2002,2003,2004,2005",20020617001534,20051028023200,http://www.soumu.go.jp/joho_tsusin/joho_tsusin.html,http://www.eiseihoso.org:80/aboutus/main005.html,False,,
cartoonnetwork.co.jp,11,"2002,2003,2004,2005",20020315123918,20050407121214,http://www.cartoonnetwork.co.jp,http://www.eiseihoso.org:80/cgi-bin/cs/004anime/top.cgi,False,,
rakutentv.co.jp,11,"2002,2003,2004,2005",20020430082315,20050208145812,http://www.rakutentv.co.jp/,http://www.eiseihoso.org:80/cgi-bin/cs/009hobby/top.cgi?start=10&key=,False,,
wni.co.jp,11,"2002,2003,2004,2005",20020221040753,20050312095115,http://www.wni.co.jp/cww/,http://www.eiseihoso.org:80/bsdchlu/main.html,False,,
bs-i.co.jp,10,"2002,2003,2004,2005",20020221040753,20050312095115,http://www.bs-i.co.jp/,http://www.eiseihoso.org:80/bsdchlu/main.html,False,,
bs-j.co.jp,10,"2002,2003,2004,2005",20020221040753,20050312095115,http://www.bs-j.co.jp/,http://www.eiseihoso.org:80/bsdchlu/main.html,False,,
nikkei-cnbc.co.jp,10,"2002,2003,2004,2005",20020306011456,20050208082300,http://www.nikkei-cnbc.co.jp/,http://www.eiseihoso.org:80/cgi-bin/cs/008news/top.cgi?start=10&key=,False,,
toei.co.jp,10,"2002,2003,2004,2005",20020108234740,20050429031700,http://www.toei.co.jp/cs/,http://www.eiseihoso.org:80/cgi-bin/cs/002cinema/top.cgi,False,,
clubdam.com,9,"2002,2003,2004,2005",20020306005712,20050208081928,http://www.clubdam.com/eco/eco_ie/frame1.html,http://www.eiseihoso.org:80/cgi-bin/cs/006music/top.cgi,False,,
nihon-eiga.com,9,"2002,2003,2004,2005",20020108234740,20050429031700,http://www.nihon-eiga.com/,http://www.eiseihoso.org:80/cgi-bin/cs/002cinema/top.cgi,False,,
samurai-tv.co.jp,9,"2002,2003,2004,2005",20020623183840,20050407102403,http://www.samurai-tv.co.jp,http://www.eiseihoso.org:80/cgi-bin/cs/005sports/top.cgi?start=10&key=,False,,
access-tv.net,8,"2002,2003,2004,2005",20020221041025,20050215071405,http://www.access-tv.net,http://www.eiseihoso.org:80/cgi-bin/cs/008news/top.cgi,False,,
at-x.com,8,"2002,2003,2004,2005",20020315123918,20050215071405,http://www.at-x.com/,http://www.eiseihoso.org:80/cgi-bin/cs/004anime/top.cgi,False,,
classica-jp.com,8,"2002,2003,2004,2005",20020306005712,20050215171902,http://www.classica-jp.com,http://www.eiseihoso.org:80/cgi-bin/cs/006music/top.cgi,False,,
gch.jrao.ne.jp,8,"2002,2003,2004,2005",20020616145116,20050215171902,http://www.gch.jrao.ne.jp,http://www.eiseihoso.org:80/cgi-bin/cs/013games/top.cgi,False,,
instructv.co.jp,8,"2002,2003,2004,2005",20020221040920,20050215071405,http://www.instructv.co.jp,http://www.eiseihoso.org:80/cgi-bin/cs/010learn/top.cgi,False,,
jsat.net,8,"2002,2003,2004,2005",20020617001534,20051028023200,http://www.jsat.net/,http://www.eiseihoso.org:80/aboutus/main005.html,False,,
jsports.co.jp,8,"2004,2005",20040103040138,20050407121214,http://www.jsports.co.jp/,http://www.eiseihoso.org:80/cgi-bin/cs01/005sports/top.cgi,False,,
manzox.ch,8,"2002,2003,2004,2005",20020511041457,20050208211404,http://www.manzox.ch,http://www.eiseihoso.org:80/cgi-bin/cs/014adult/top.cgi?start=10&key=,False,,
music272.tv,8,"2002,2003,2004,2005",20020306005712,20050407121214,http://www.music272.tv,http://www.eiseihoso.org:80/cgi-bin/cs/006music/top.cgi,False,,
qvcjp.com,8,"2002,2003,2004",20020625171212,20040416203056,http://www.qvcjp.com/,http://www.eiseihoso.org:80/cgi-bin/cs/012shopping/top.cgi,False,,
sports-i.co.jp,8,"2002,2003,2004",20020511041457,20040227005503,http://www.sports-i.co.jp/,http://www.eiseihoso.org:80/cgi-bin/cs/005sports/top.cgi,False,,
u-air.ac.jp,8,"2002,2003,2004",20020221040920,20040417040115,http://www.u-air.ac.jp/hp,http://www.eiseihoso.org:80/cgi-bin/cs/010learn/top.cgi,False,,
759ch.tv,7,"2002,2003,2004,2005",20020430082315,20050208082643,http://759ch.tv/,http://www.eiseihoso.org:80/cgi-bin/cs/009hobby/top.cgi?start=10&key=,False,,
active-sports.tv,7,"2002,2003,2004,2005",20020617001254,20050428022518,http://www.active-sports.tv/@,http://www.eiseihoso.org:80/cgi-bin/member/top.cgi,False,,
cab-j.co.jp,7,"2002,2003,2004,2005",20020617001534,20051028023200,q¯erL¦cïiCAB-Jj,http://www.eiseihoso.org:80/aboutus/main005.html,False,,
jeita.or.jp,7,"2002,2003,2004,2005",20020617001534,20051028023200,iÐjdqîñZpYÆ¦ïiJEITAj,http://www.eiseihoso.org:80/aboutus/main005.html,False,,
shopchannel.co.jp,7,"2002,2003,2004,2005",20020816212242,20050325061605,http://www.shopchannel.co.jp/,http://www.eiseihoso.org:80/cgi-bin/cs/012shopping/top.cgi,False,,
titus.co.jp,7,2002,20020302070423,20020302070423,http://www.titus.co.jp,http://www.eiseihoso.org:80/guide/main003-02.html,False,,
travelers-tv.com,7,"2002,2003,2004,2005",20020622152213,20050215071405,http://www.travelers-tv.com,http://www.eiseihoso.org:80/cgi-bin/cs/007ent/top.cgi,False,,
ch-bb.jp,6,"2002,2003,2004,2005",20020430082315,20050208082643,http://www.ch-bb.jp/,http://www.eiseihoso.org:80/cgi-bin/cs/009hobby/top.cgi?start=10&key=,False,,
cs-wowow.co.jp,6,"2003,2004,2005",20030307213545,20050407102403,http://www.cs-wowow.co.jp/@,http://www.eiseihoso.org:80/cgi-bin/cs03/005ppv/top.cgi,False,,
dentoubunka.co.jp,6,"2002,2003,2004,2005",20020622152213,20050208082008,http://www.dentoubunka.co.jp/,http://www.eiseihoso.org:80/cgi-bin/cs/007ent/top.cgi,False,,
e-tenki.net,6,"2002,2003,2004,2005",20020221041025,20050208082300,http://www.e-tenki.net,http://www.eiseihoso.org:80/cgi-bin/cs/008news/top.cgi,False,,
foxjapan.com,6,"2002,2003,2004",20020616145116,20040227035516,http://www.foxjapan.com/tv/,http://www.eiseihoso.org:80/cgi-bin/cs/007ent/top.cgi?start=10&key=,False,,
jidaigeki.com,6,"2002,2003,2004",20020622074232,20040227035516,http://www.jidaigeki.com/,http://www.eiseihoso.org:80/cgi-bin/cs/003drama/top.cgi,False,,
karaoke-ch.com,6,"2003,2004,2005",20030311055141,20050215015556,http://www.karaoke-ch.com/,http://www.eiseihoso.org:80/cgi-bin/cs01/006music/top.cgi,False,,
kojima.net,6,"2002,2003,2004,2005",20020628033634,20050208083152,http://www.kojima.net/,http://www.eiseihoso.org:80/cgi-bin/cs/012shopping/top.cgi,False,,
motv.co.jp,6,"2002,2003,2004,2005",20020816212242,20050208083152,http://www.motv.co.jp,http://www.eiseihoso.org:80/cgi-bin/cs/012shopping/top.cgi,False,,
skystage.net,6,"2003,2004,2005",20030303203736,20050428022518,http://www.skystage.net/,http://www.eiseihoso.org:80/cgi-bin/cs02/006entertainment/top.cgi,False,,
tampa.co.jp,6,"2002,2003,2004",20020823213245,20040110235904,http://www.tampa.co.jp/,http://www.eiseihoso.org:80/cgi-bin/cs/015radio/top.cgi,False,,
toshin.ac.jp,6,"2002,2003,2004",20020221040920,20040417040115,http://www.toshin.ac.jp,http://www.eiseihoso.org:80/cgi-bin/cs/010learn/top.cgi,False,,
v135.com,6,"2002,2003,2004,2005",20020320072300,20050428181538,http://www.v135.com,http://www.eiseihoso.org:80/cgi-bin/cs/001ppv/top.cgi?start=30&key=,False,,
csn1.co.jp,5,"2002,2003,2004",20020108234740,20040103040138,http://www.csn1.co.jp/,http://www.eiseihoso.org:80/cgi-bin/cs/002cinema/top.cgi,False,,
csq-tv.com,5,"2003,2004,2005",20030303203742,20050428021256,http://www.csq-tv.com/,http://www.eiseihoso.org:80/cgi-bin/cs02/009promo/top.cgi,False,,
fandango.co.jp,5,"2002,2003,2004,2005",20020623183843,20050208145128,http://www.fandango.co.jp/,http://www.eiseihoso.org:80/cgi-bin/cs/007ent/top.cgi?start=10&key=,False,,
home.milk906.jp,5,"2002,2003,2004,2005",20021124060813,20050208211404,http://home.milk906.jp,http://www.eiseihoso.org:80/cgi-bin/cs/014adult/top.cgi?start=10&key=,False,,
super-ch.com@,5,"2002,2003,2004",20020622074232,20040227035516,http://www.super-ch.com@,http://www.eiseihoso.org:80/cgi-bin/cs/003drama/top.cgi,False,,
victory-ch.tv,5,"2002,2003,2004,2005",20020511041457,20050208082643,http://www.victory-ch.tv,http://www.eiseihoso.org:80/cgi-bin/member/top.cgi?start=60&key=,False,,
winsphil.co.jp,5,"2002,2003,2004,2005",20020311214208,20050215071405,http://www.winsphil.co.jp/filipino_channel/channel_lite.html,http://www.eiseihoso.org:80/cgi-bin/cs/011fl/top.cgi,False,,
bs-com.com,4,"2002,2003,2004,2005",20020221040753,20050312095115,http://www.bs-com.com/,http://www.eiseihoso.org:80/bsdchlu/main.html,False,,
daiwa.co.jp,4,"2002,2003,2004",20020430082315,20040207171841,http://www.daiwa.co.jp/daiwa766/,http://www.eiseihoso.org:80/cgi-bin/cs/009hobby/top.cgi,False,,
epb.co.jp,4,"2002,2003,2004,2005",20020617001254,20050215015556,http://www.epb.co.jp,http://www.eiseihoso.org:80/cgi-bin/member/top.cgi,False,,
fdd.tv,4,"2004,2005",20040227040100,20050325061605,http://www.fdd.tv/,http://www.eiseihoso.org:80/cgi-bin/cs01/012shopping/top.cgi,False,,
i-hits.co.jp,4,"2004,2005",20040212011554,20051028023200,http://www.i-hits.co.jp/,http://www.eiseihoso.org:80/aboutus/main003-02.html,False,,
jam.jp,4,2003,20030103102414,20030314124054,http://www.jam.jp,http://www.eiseihoso.org:80/cgi-bin/cs/014adult/top.cgi,False,,
jpc.co.jp,4,"2002,2003,2004,2005",20020622074325,20050908062138,http://www.jpc.co.jp/whatjpc.html,http://www.eiseihoso.org:80/aboutus/main003-02.html,False,,
jvc-victor.co.jp,4,"2002,2003,2004,2005",20020622074325,20050908062138,http://www.jvc-victor.co.jp/,http://www.eiseihoso.org:80/aboutus/main003-02.html,False,,
matsushita.co.jp,4,"2002,2003,2004,2005",20020622074325,20050908062138,http://www.matsushita.co.jp/,http://www.eiseihoso.org:80/aboutus/main003-02.html,False,,
miharu.co.jp,4,"2002,2003,2004,2005",20020622074325,20050908062138,http://www.miharu.co.jp/,http://www.eiseihoso.org:80/aboutus/main003-02.html,False,,
mserve.co.jp,4,"2002,2003,2004,2005",20020221040753,20050312095115,https://www.mserve.co.jp/,http://www.eiseihoso.org:80/bsdchlu/main.html,False,,
nec.co.jp,4,"2002,2003,2004,2005",20020622074325,20050908062138,http://www.nec.co.jp/,http://www.eiseihoso.org:80/aboutus/main003-02.html,False,,
nhk-sw.co.jp,4,"2002,2003,2004,2005",20020622074325,20050215171902,http://www.nhk-sw.co.jp/,http://www.eiseihoso.org:80/aboutus/main003-02.html,False,,
plus.skyperfectv.co.jp,4,"2003,2004",20030308042703,20040207120746,http://www.plus.skyperfectv.co.jp/,http://www.eiseihoso.org:80/cgi-bin/cs01/005sports/top.cgi,False,,
skyperfectv110.jp,4,"2004,2005",20040414183403,20051028023200,http://www.skyperfectv110.jp/,http://www.eiseihoso.org:80/links/main001.html,False,,
vitv.co.jp,4,"2004,2005",20040207115553,20050407102403,http://vitv.co.jp/,http://www.eiseihoso.org:80/cgi-bin/cs01/007ent/top.cgi,False,,
cinema-r.com,3,"2003,2004,2005",20030427232716,20050428015517,http://www.CINEMA-R.com,http://www.eiseihoso.org:80/cgi-bin/cs01/001ppv/top.cgi,False,,
cs-kyouiku.tv,3,"2003,2004",20030427185352,20040623172050,http://www.cs-kyouiku.tv/,http://www.eiseihoso.org:80/cgi-bin/cs03/009culture/top.cgi,False,,
cs-nippon.com,3,"2003,2004,2005",20030427185352,20050428021256,http://www.cs-nippon.com/guide/146ch.htm,http://www.eiseihoso.org:80/cgi-bin/cs03/009culture/top.cgi,False,,
dkkaraoke.co.jp,3,"2002,2003,2004",20020511041457,20040110124228,http://www.dkkaraoke.co.jp/,http://www.eiseihoso.org:80/cgi-bin/member/top.cgi?start=60&key=,False,,
epep.jp,3,"2003,2004",20030615195725,20040208061621,http://www.epep.jp/,http://www.eiseihoso.org:80/links/main001.html,False,,
iijnet.or.jp,3,"2002,2003,2004",20020622074325,20040212011554,http://www.iijnet.or.jp/JSAT/,http://www.eiseihoso.org:80/aboutus/main003-02.html,False,,
investation.com,3,"2002,2003",20020221041025,20030103103950,http://www.investation.com,http://www.eiseihoso.org:80/cgi-bin/cs/008news/top.cgi,False,,
itochu.co.jp,3,"2003,2004,2005",20030104170256,20050908062138,http://www.itochu.co.jp/main/,http://www.eiseihoso.org:80/aboutus/main003-02.html,False,,
kit-manzox.co.jp,3,"2002,2003",20020622152213,20030308044229,http://www.kit-manzox.co.jp,http://www.eiseihoso.org:80/cgi-bin/cs/007ent/top.cgi,False,,
omp.co.jp,3,"2002,2003,2004",20020622074325,20040212011554,http://www.omp.co.jp/,http://www.eiseihoso.org:80/aboutus/main003-02.html,False,,
powermovie.co.jp,3,2002,20020320072300,20020320072300,http://www.powermovie.co.jp,http://www.eiseihoso.org:80/cgi-bin/cs/002cinema/top.cgi?start=20&key=,False,,
reform-ch.jp,3,2003,20030103123333,20030314103937,http://www.reform-ch.jp,http://www.eiseihoso.org:80/cgi-bin/cs/009hobby/top.cgi?start=10&key=,False,,
spaceyacht.co.jp,3,"2002,2003,2004",20020622075139,20040417040115,http://www.spaceyacht.co.jp,http://www.eiseihoso.org:80/cgi-bin/cs/009hobby/top.cgi,False,,
toppan.co.jp,3,"2002,2003",20020221041025,20030104170256,http://www.toppan.co.jp/multimedia/cs/,http://www.eiseihoso.org:80/cgi-bin/cs/008news/top.cgi,False,,
www1.biz.biglobe.ne.jp,3,2002,20020302070423,20020302070423,http://www1.biz.biglobe.ne.jp/ ~asagaotv/,http://www.eiseihoso.org:80/guide/main003-02.html,False,,
www2.winsphil.co.jp,3,"2003,2004,2005",20030308044226,20050208082947,http://www2.winsphil.co.jp/filipino_channel/channel_lite.html,http://www.eiseihoso.org:80/cgi-bin/cs01/011fl/top.cgi,False,,
adk.jp,2,"2004,2005",20040212011554,20050908062138,http://www.adk.jp/,http://www.eiseihoso.org:80/aboutus/main003-02.html,False,,
animal-planet.jp,2,2005,20050208082008,20050728160526,http://www.animal-planet.jp,http://www.eiseihoso.org:80/cgi-bin/cs01/007ent/top.cgi,False,,
catv-kobe.co.jp,2,2002,20020302070423,20020302070423,http://www.catv-kobe.co.jp,http://www.eiseihoso.org:80/guide/main003-02.html,False,,
ch777.jp,2,"2004,2005",20040210143630,20050208145812,http://www.ch777.jp/,http://www.eiseihoso.org:80/cgi-bin/cs01/009hobby/top.cgi?start=10&key=,False,,
club.carenet.co.jp,2,"2002,2003",20020628033634,20030314181957,http://club.carenet.co.jp/tv/guide/,http://www.eiseihoso.org:80/cgi-bin/member/top.cgi?start=30&key=,False,,
dentsu.co.jp,2,"2004,2005",20040212011554,20050908062138,http://www.dentsu.co.jp/idx-swf.html,http://www.eiseihoso.org:80/aboutus/main003-02.html,False,,
favoritv.com,2,"2003,2004",20030303203736,20040227035859,http://www.favoritv.com/,http://www.eiseihoso.org:80/cgi-bin/cs02/006entertainment/top.cgi,False,,
foxjapan.com@,2,"2003,2004",20030119044443,20040111113631,http://www.foxjapan.com@,http://www.eiseihoso.org:80/cgi-bin/member/top.cgi?start=80&key=,False,,
home.netscape.com,2,"2002,2004",20020803082611,20040207114518,,http://www.eiseihoso.org:80/notes/index.html,False,,
homech.co.jp,2,2002,20020430082315,20020616145116,http://www.homech.co.jp,http://www.eiseihoso.org:80/cgi-bin/cs/009hobby/top.cgi?start=10&key=,False,,
iryoufukushi.com,2,"2004,2005",20040429172502,20050215071405,http://www.iryoufukushi.com/,http://www.eiseihoso.org:80/cgi-bin/member/top.cgi?start=10&key=,False,,
j2am.co.jp,2,2002,20020308030322,20020308030322,http://www.j2am.co.jp,http://www.eiseihoso.org:80/cgi-bin/cs/014adult/top.cgi,False,,
jcl.or.jp,2,2005,20051028023200,20051028023200,http://www.jcl.or.jp/index.html,http://www.eiseihoso.org:80/link/index.html,False,,
jdserve.co.jp,2,2005,20051028023200,20051028023200,http://www.jdserve.co.jp/,http://www.eiseihoso.org:80/link/index.html,False,,
johotsusintokei.soumu.go.jp,2,2005,20051028023200,20051028023200,http://www.johotsusintokei.soumu.go.jp/,http://www.eiseihoso.org:80/link/index.html,False,,
kandenko.co.jp,2,"2004,2005",20040212011554,20050908062138,http://www.kandenko.co.jp/,http://www.eiseihoso.org:80/aboutus/main003-02.html,False,,
nhk-jn.co.jp,2,"2004,2005",20040212011554,20050908062138,http://www.nhk-jn.co.jp/index.htm,http://www.eiseihoso.org:80/aboutus/main003-02.html,False,,
nhkitec.co.jp,2,"2004,2005",20040212011554,20050908062138,http://www.nhkitec.co.jp/,http://www.eiseihoso.org:80/aboutus/main003-02.html,False,,
ohotuku26.or.jp,2,2002,20020302070423,20020302070423,http://www.ohotuku26.or.jp/,http://www.eiseihoso.org:80/guide/main003-02.html,False,,
peace-channel.co.jp,2,2004,20040207171623,20040523225108,http://www.peace-channel.co.jp/,http://www.eiseihoso.org:80/cgi-bin/cs01/015document/top.cgi,False,,
radio-nikkei.co.jp,2,2004,20040207171841,20040207171841,http://www.radio-nikkei.co.jp,http://www.eiseihoso.org:80/cgi-bin/cs01/016bussiness/top.cgi,False,,
sado.co.jp,2,2002,20020302070423,20020302070423,http://www.sado.co.jp/st-net/,http://www.eiseihoso.org:80/guide/main003-02.html,False,,
sarc.or.jp,2,2005,20051028023200,20051028023200,àc@lq¯úZLeBZ^[,http://www.eiseihoso.org:80/link/index.html,False,,
shoku-chan.com,2,2002,20020430031305,20020616145116,http://www.shoku-chan.com,http://www.eiseihoso.org:80/cgi-bin/member/top.cgi?start=10&key=,False,,
shop240.jp,2,"2004,2005",20040416203056,20050208083152,http://www.shop240.jp,http://www.eiseihoso.org:80/cgi-bin/cs01/012shopping/top.cgi,False,,
stgiga.co.jp,2,"2002,2003",20020221040753,20030221032115,http://www.stgiga.co.jp/,http://www.eiseihoso.org:80/bsdchlu/main.html,False,,
sumitomocorp.co.jp,2,"2004,2005",20040212011554,20050908062138,http://www.sumitomocorp.co.jp/,http://www.eiseihoso.org:80/aboutus/main003-02.html,False,,
toho.co.jp,2,"2004,2005",20040212011554,20050908062138,http://www.toho.co.jp/,http://www.eiseihoso.org:80/aboutus/main003-02.html,False,,
tokyu-agc.co.jp,2,"2004,2005",20040212011554,20050908062138,http://www.tokyu-agc.co.jp/,http://www.eiseihoso.org:80/aboutus/main003-02.html,False,,
usen.co.jp,2,"2003,2004",20030429120441,20040112181101,http://www.usen.co.jp/,http://www.eiseihoso.org:80/cgi-bin/member/top.cgi?start=100&key=,False,,
weather-service.co.jp,2,"2004,2005",20040212011554,20050908062138,http://www.weather-service.co.jp/,http://www.eiseihoso.org:80/aboutus/main003-02.html,False,,
winj.jp,2,"2004,2005",20040207222627,20050312095115,http://www.winj.jp/,http://www.eiseihoso.org:80/bsdchlu/main.html,False,,
www1.ocn.ne.jp,2,2002,20020302070423,20020302070423,http://www1.ocn.ne.jp/~marukotv,http://www.eiseihoso.org:80/guide/main003-02.html,False,,
zenpachi.tv,2,"2004,2005",20040210080142,20050208082643,http://www.zenpachi.tv/,http://www.eiseihoso.org:80/cgi-bin/cs01/009hobby/top.cgi,False,,
accs.or.jp,1,2002,20020302070423,20020302070423,http://www.accs.or.jp,http://www.eiseihoso.org:80/guide/main003-02.html,False,,
adachi.ne.jp,1,2002,20020302070423,20020302070423,http://www.adachi.ne.jp,http://www.eiseihoso.org:80/guide/main003-02.html,False,,
alphanetwortv.com,1,2002,20020311214208,20020311214208,http://www.alphanetwortv.com,http://www.eiseihoso.org:80/cgi-bin/cs/011fl/top.cgi,False,,
amigo.ne.jp,1,2002,20020302070423,20020302070423,http://www.amigo.ne.jp,http://www.eiseihoso.org:80/guide/main003-02.html,False,,
avis.ne.jp,1,2002,20020302070423,20020302070423,http://www.avis.ne.jp/~scv-tv,http://www.eiseihoso.org:80/guide/main003-02.html,False,,
ayu.ne.jp,1,2002,20020302070423,20020302070423,http://www.ayu.ne.jp/,http://www.eiseihoso.org:80/guide/main003-02.html,False,,
banban.co.jp,1,2002,20020302070423,20020302070423,http://www.banban.co.jp/ banbantv.htm/,http://www.eiseihoso.org:80/guide/main003-02.html,False,,
baynet.ne.jp,1,2002,20020302070423,20020302070423,http://www.baynet.ne.jp/,http://www.eiseihoso.org:80/guide/main003-02.html,False,,
baz.tv,1,2003,20030303214252,20030303214252,http://www.baz.tv/@,http://www.eiseihoso.org:80/cgi-bin/cs02/010data/top.cgi,False,,
bbc-japan.com,1,2005,20050428021256,20050428021256,http://www.bbc-japan.com,http://www.eiseihoso.org:80/cgi-bin/cs02/006entertainment/top.cgi,False,,
bc9.ne.jp,1,2002,20020302070423,20020302070423,http://www.bc9.ne.jp/,http://www.eiseihoso.org:80/guide/main003-02.html,False,,
btvm.ne.jp,1,2002,20020302070423,20020302070423,http://www.btvm.ne.jp/,http://www.eiseihoso.org:80/guide/main003-02.html,False,,
c-d-k.ne.jp,1,2002,20020302070423,20020302070423,http://www.c-d-k.ne.jp/icc/,http://www.eiseihoso.org:80/guide/main003-02.html,False,,
c-marinet.ne.jp,1,2002,20020302070423,20020302070423,http://www.c-marinet.ne.jp,http://www.eiseihoso.org:80/guide/main003-02.html,False,,
c3yokohama.co.jp,1,2002,20020302070423,20020302070423,http://www.C3YOKOHAMA.co.jp,http://www.eiseihoso.org:80/guide/main003-02.html,False,,
cable-net.ne.jp,1,2002,20020302070423,20020302070423,http://www.cable-net.ne.jp,http://www.eiseihoso.org:80/guide/main003-02.html,False,,
cablenet.co.jp,1,2002,20020302070423,20020302070423,http://www.cablenet.co.jp,http://www.eiseihoso.org:80/guide/main003-02.html,False,,
cat-v.co.jp,1,2002,20020302070423,20020302070423,http://www.cat-v.co.jp,http://www.eiseihoso.org:80/guide/main003-02.html,False,,
catv-aichi.co.jp,1,2002,20020302070423,20020302070423,http://www.catv-aichi.co.jp,http://www.eiseihoso.org:80/guide/main003-02.html,False,,
catv-niihama.co.jp,1,2002,20020302070423,20020302070423,http://www.catv-niihama.co.jp,http://www.eiseihoso.org:80/guide/main003-02.html,False,,
catv.ksky.ne.jp,1,2002,20020302070423,20020302070423,http://catv.ksky.ne.jp,http://www.eiseihoso.org:80/guide/main003-02.html,False,,
catv.ne.jp,1,2002,20020302070423,20020302070423,http://www.catv.ne.jp,http://www.eiseihoso.org:80/guide/main003-02.html,False,,
catv.yuge.ac.jp,1,2002,20020302070423,20020302070423,http://catv.yuge.ac.jp/~yuge-catv/,http://www.eiseihoso.org:80/guide/main003-02.html,False,,
catv296.co.jp,1,2002,20020302070423,20020302070423,http://www.catv296.co.jp/,http://www.eiseihoso.org:80/guide/main003-02.html,False,,
catvmics.ne.jp,1,2002,20020302070423,20020302070423,http://www.catvmics.ne.jp,http://www.eiseihoso.org:80/guide/main003-02.html,False,,
catvy.ne.jp,1,2002,20020302070423,20020302070423,http://www.catvy.ne.jp/,http://www.eiseihoso.org:80/guide/main003-02.html,False,,
caty.co.jp,1,2002,20020302070423,20020302070423,http://www.caty.co.jp,http://www.eiseihoso.org:80/guide/main003-02.html,False,,
cc22.ne.jp,1,2002,20020302070423,20020302070423,http://www.cc22.ne.jp/,http://www.eiseihoso.org:80/guide/main003-02.html,False,,
cc9.ne.jp,1,2002,20020302070423,20020302070423,http://www.cc9.ne.jp/,http://www.eiseihoso.org:80/guide/main003-02.html,False,,
ccjnet.ne.jp,1,2002,20020302070423,20020302070423,http://www.ccjnet.ne.jp,http://www.eiseihoso.org:80/guide/main003-02.html,False,,
ccn.ne.jp,1,2002,20020302070423,20020302070423,http://www.ccn.ne.jp/,http://www.eiseihoso.org:80/guide/main003-02.html,False,,
ccv.ne.jp,1,2002,20020302070423,20020302070423,http://www.ccv.ne.jp,http://www.eiseihoso.org:80/guide/main003-02.html,False,,
chofucable.co.jp,1,2002,20020302070423,20020302070423,http://www.chofucable.co.jp,http://www.eiseihoso.org:80/guide/main003-02.html,False,,
cinefil.co.jp,1,2003,20030303214204,20030303214204,http://www.cinefil.co.jp/,http://www.eiseihoso.org:80/cgi-bin/cs02/001movie/top.cgi,False,,
cityfujisawa.ne.jp,1,2002,20020302070423,20020302070423,http://www.cityfujisawa.ne.jp/~catv,http://www.eiseihoso.org:80/guide/main003-02.html,False,,
cncm.ne.jp,1,2002,20020302070423,20020302070423,http://www.cncm.ne.jp/,http://www.eiseihoso.org:80/guide/main003-02.html,False,,
cns-tv.co.jp,1,2002,20020302070423,20020302070423,http://www.cns-tv.co.jp,http://www.eiseihoso.org:80/guide/main003-02.html,False,,
cny.ne.jp,1,2002,20020302070423,20020302070423,http://www.cny.ne.jp/,http://www.eiseihoso.org:80/guide/main003-02.html,False,,
cs110.nihon-eiga.com,1,2003,20030303214204,20030303214204,http://www.cs110.nihon-eiga.com/,http://www.eiseihoso.org:80/cgi-bin/cs02/001movie/top.cgi,False,,
ctb.ne.jp,1,2002,20020302070423,20020302070423,http://www.ctb.ne.jp,http://www.eiseihoso.org:80/guide/main003-02.html,False,,
ctechcorp.co.jp,1,2002,20020302070423,20020302070423,http://www.ctechcorp.co.jp/,http://www.eiseihoso.org:80/guide/main003-02.html,False,,
ctk.ne.jp,1,2002,20020302070423,20020302070423,http://www.CTK.ne.jp,http://www.eiseihoso.org:80/guide/main003-02.html,False,,
ctktv.co.jp,1,2002,20020302070423,20020302070423,http://www.ctktv.co.jp,http://www.eiseihoso.org:80/guide/main003-02.html,False,,
ctn.co.jp,1,2002,20020302070423,20020302070423,http://www.ctn.co.jp,http://www.eiseihoso.org:80/guide/main003-02.html,False,,
cty-net.ne.jp,1,2002,20020302070423,20020302070423,http://www.cty-net.ne.jp,http://www.eiseihoso.org:80/guide/main003-02.html,False,,
cvc.co.jp,1,2002,20020302070423,20020302070423,http://www.cvc.co.jp,http://www.eiseihoso.org:80/guide/main003-02.html,False,,
cwo.co.jp,1,2002,20020302070423,20020302070423,http://www.cwo.co.jp,http://www.eiseihoso.org:80/guide/main003-02.html,False,,
d-booktv.com,1,2002,20020511041457,20020511041457,http://www.d-booktv.com,http://www.eiseihoso.org:80/cgi-bin/member/top.cgi?start=60&key=,False,,
daiwa766.jp,1,2005,20050208084013,20050208084013,http://daiwa766.jp/,http://www.eiseihoso.org:80/cgi-bin/cs01/016bussiness/top.cgi,False,,
digicube.co.jp,1,2002,20020622152213,20020622152213,http://www.digicube.co.jp/,http://www.eiseihoso.org:80/cgi-bin/cs/007ent/top.cgi,False,,
edogawa.com,1,2002,20020302070423,20020302070423,http://www.edogawa.com/cable-tv/,http://www.eiseihoso.org:80/guide/main003-02.html,False,,
edonagasaki.ne.jp,1,2002,20020302070423,20020302070423,http://www.edonagasaki.ne.jp/ mitsushima,http://www.eiseihoso.org:80/guide/main003-02.html,False,,
entame.express.jp,1,2005,20050208082008,20050208082008,http://entame.express.jp,http://www.eiseihoso.org:80/cgi-bin/cs01/007ent/top.cgi,False,,
exd.city.kobe.jp,1,2002,20020302070423,20020302070423,http://www.exd.city.kobe.jp/ck/,http://www.eiseihoso.org:80/guide/main003-02.html,False,,
fcncatv.ne.jp,1,2002,20020302070423,20020302070423,http://www.fcncatv.ne.jp,http://www.eiseihoso.org:80/guide/main003-02.html,False,,
fctv.co.jp,1,2002,20020302070423,20020302070423,http://www.fctv.co.jp/,http://www.eiseihoso.org:80/guide/main003-02.html,False,,
fu-ku-shi.com,1,2003,20030119044443,20030119044443,"@ http://jbs.tv/""",http://www.eiseihoso.org:80/cgi-bin/member/top.cgi?start=80&key=,False,,
fureai-ch.ne.jp,1,2002,20020302070423,20020302070423,http://www.fureai-ch.ne.jp,http://www.eiseihoso.org:80/guide/main003-02.html,False,,
go-kaku.co.jp,1,2002,20020221040920,20020221040920,http://www.go-kaku.co.jp/,http://www.eiseihoso.org:80/cgi-bin/cs/010learn/top.cgi,False,,
haginet.ne.jp,1,2002,20020302070423,20020302070423,http://www.haginet.ne.jp/,http://www.eiseihoso.org:80/guide/main003-02.html,False,,
hbs.ne.jp,1,2002,20020302070423,20020302070423,http://www.hbs.ne.jp,http://www.eiseihoso.org:80/guide/main003-02.html,False,,
hicat.ne.jp,1,2002,20020302070423,20020302070423,http://www.hicat.ne.jp,http://www.eiseihoso.org:80/guide/main003-02.html,False,,
hidaweb.ne.jp,1,2002,20020302070423,20020302070423,http://www.hidaweb.ne.jp/kokufu/,http://www.eiseihoso.org:80/guide/main003-02.html,False,,
himawari.co.jp,1,2002,20020302070423,20020302070423,http://www.himawari.co.jp,http://www.eiseihoso.org:80/guide/main003-02.html,False,,
hinocatv.ne.jp,1,2002,20020302070423,20020302070423,http://www.hinocatv.ne.jp,http://www.eiseihoso.org:80/guide/main003-02.html,False,,
honjo.ne.jp,1,2002,20020302070423,20020302070423,http://www.honjo.ne.jp/hp/h-catv/,http://www.eiseihoso.org:80/guide/main003-02.html,False,,
hottv.ne.jp,1,2002,20020302070423,20020302070423,http://www.hottv.ne.jp,http://www.eiseihoso.org:80/guide/main003-02.html,False,,
htv-net.ne.jp,1,2002,20020302070423,20020302070423,http://www.htv-net.ne.jp/,http://www.eiseihoso.org:80/guide/main003-02.html,False,,
ichigo-tv.com,1,2002,20020302070423,20020302070423,http://www.ichigo-tv.com,http://www.eiseihoso.org:80/guide/main003-02.html,False,,
icn-tv.ne.jp,1,2002,20020302070423,20020302070423,http://www.icn-tv.ne.jp/,http://www.eiseihoso.org:80/guide/main003-02.html,False,,
icnet.ne.jp,1,2002,20020302070423,20020302070423,http://www.icnet.ne.jp,http://www.eiseihoso.org:80/guide/main003-02.html,False,,
icntv.ne.jp,1,2002,20020302070423,20020302070423,http://www.icntv.ne.jp,http://www.eiseihoso.org:80/guide/main003-02.html,False,,
ict.ne.jp,1,2002,20020302070423,20020302070423,http://www.ict.ne.jp,http://www.eiseihoso.org:80/guide/main003-02.html,False,,
ictnet.co.jp,1,2002,20020302070423,20020302070423,http://www.ictnet.co.jp,http://www.eiseihoso.org:80/guide/main003-02.html,False,,
ictv.ne.jp,1,2002,20020302070423,20020302070423,http://www.ictv.ne.jp/,http://www.eiseihoso.org:80/guide/main003-02.html,False,,
icv.ne.jp,1,2002,20020302070423,20020302070423,http://www.icv.ne.jp/,http://www.eiseihoso.org:80/guide/main003-02.html,False,,
ir21.co.jp,1,2002,20020622075139,20020622075139,http://www.ir21.co.jp/,http://www.eiseihoso.org:80/cgi-bin/cs/009hobby/top.cgi,False,,
ise-ics.co.jp,1,2002,20020302070423,20020302070423,http://www.ise-ics.co.jp/ hometown/iinan/ciao.html,http://www.eiseihoso.org:80/guide/main003-02.html,False,,
islands.ne.jp,1,2002,20020302070423,20020302070423,http://www.islands.ne.jp/ uoshima/catv.html,http://www.eiseihoso.org:80/guide/main003-02.html,False,,
jbs.tv,1,2003,20030119044443,20030119044443,"http://jbs.tv/""",http://www.eiseihoso.org:80/cgi-bin/member/top.cgi?start=80&key=,False,,
join.zaq.ne.jp,1,2002,20020302070423,20020302070423,http://join.zaq.ne.jp/catv/ioctv/,http://www.eiseihoso.org:80/guide/main003-02.html,False,,
k-cable.ne.jp,1,2002,20020302070423,20020302070423,http://www.k-cable.ne.jp,http://www.eiseihoso.org:80/guide/main003-02.html,False,,
kawaguchiko.ne.jp,1,2002,20020302070423,20020302070423,http://www.kawaguchiko.ne.jp/,http://www.eiseihoso.org:80/guide/main003-02.html,False,,
kcb.co.jp,1,2002,20020302070423,20020302070423,http://www.kcb.co.jp,http://www.eiseihoso.org:80/guide/main003-02.html,False,,
kcn-tv.ne.jp,1,2002,20020302070423,20020302070423,http://www.kcn-tv.ne.jp,http://www.eiseihoso.org:80/guide/main003-02.html,False,,
kctv.co.jp,1,2002,20020302070423,20020302070423,http://www.kctv.co.jp,http://www.eiseihoso.org:80/guide/main003-02.html,False,,
kinet-tv.ne.jp,1,2002,20020302070423,20020302070423,http://www.kinet-tv.ne.jp/top.html,http://www.eiseihoso.org:80/guide/main003-02.html,False,,
kitajima-catv.co.jp,1,2002,20020302070423,20020302070423,http://www.kitajima-catv.co.jp,http://www.eiseihoso.org:80/guide/main003-02.html,False,,
kitanet.co.jp,1,2002,20020302070423,20020302070423,http://www.kitanet.co.jp,http://www.eiseihoso.org:80/guide/main003-02.html,False,,
koala-tv.co.jp,1,2002,20020302070423,20020302070423,http://www.koaLa-tv.co.jp,http://www.eiseihoso.org:80/guide/main003-02.html,False,,
kobe-catv.co.jp,1,2002,20020302070423,20020302070423,http://www.kobe-catv.co.jp,http://www.eiseihoso.org:80/guide/main003-02.html,False,,
kumin.ne.jp,1,2002,20020302070423,20020302070423,http://www.kumin.ne.jp/kumin,http://www.eiseihoso.org:80/guide/main003-02.html,False,,
mable.co.jp,1,2002,20020302070423,20020302070423,http://www.mable.co.jp,http://www.eiseihoso.org:80/guide/main003-02.html,False,,
mcat.co.jp,1,2002,20020302070423,20020302070423,http://www.mcat.co.jp,http://www.eiseihoso.org:80/guide/main003-02.html,False,,
mct.ne.jp,1,2002,20020302070423,20020302070423,http://www.mct.ne.jp,http://www.eiseihoso.org:80/guide/main003-02.html,False,,
mctv.ne.jp,1,2002,20020302070423,20020302070423,http://www.mctv.ne.jp,http://www.eiseihoso.org:80/guide/main003-02.html,False,,
melco.co.jp,1,2002,20020622074325,20020622074325,http://www.melco.co.jp/,http://www.eiseihoso.org:80/aboutus/main003-02.html,False,,
miyavision.co.jp,1,2002,20020302070423,20020302070423,http://www.miyavision.co.jp/,http://www.eiseihoso.org:80/guide/main003-02.html,False,,
mmcatv.co.jp,1,2002,20020302070423,20020302070423,http://www.mmcatv.co.jp,http://www.eiseihoso.org:80/guide/main003-02.html,False,,
mytv.co.jp,1,2002,20020302070423,20020302070423,http://www.mytv.co.jp,http://www.eiseihoso.org:80/guide/main003-02.html,False,,
nankai.co.jp,1,2002,20020302070423,20020302070423,http://www.nankai.co.jp,http://www.eiseihoso.org:80/guide/main003-02.html,False,,
nava21.co.jp,1,2002,20020302070423,20020302070423,http://www.nava21.co.jp,http://www.eiseihoso.org:80/guide/main003-02.html,False,,
nctv.co.jp,1,2002,20020302070423,20020302070423,http://www.nctv.co.jp,http://www.eiseihoso.org:80/guide/main003-02.html,False,,
ncv-y.co.jp,1,2002,20020302070423,20020302070423,http://www.ncv-y.co.jp,http://www.eiseihoso.org:80/guide/main003-02.html,False,,
ncv.ne.jp,1,2002,20020302070423,20020302070423,http://www.ncv.ne.jp,http://www.eiseihoso.org:80/guide/main003-02.html,False,,
nep21.co.jp,1,2004,20040212011554,20040212011554,http://www.nep21.co.jp/,http://www.eiseihoso.org:80/aboutus/main003-02.html,False,,
nns-catv.co.jp,1,2002,20020302070423,20020302070423,http://www.nns-catv.co.jp,http://www.eiseihoso.org:80/guide/main003-02.html,False,,
nthk.co.jp,1,2002,20020302070423,20020302070423,http://www.nthk.co.jp,http://www.eiseihoso.org:80/guide/main003-02.html,False,,
oct-net.ne.jp,1,2002,20020302070423,20020302070423,http://www.oct-net.ne.jp,http://www.eiseihoso.org:80/guide/main003-02.html,False,,
octv.ne.jp,1,2002,20020302070423,20020302070423,http://www.octv.ne.jp/,http://www.eiseihoso.org:80/guide/main003-02.html,False,,
ocv.ne.jp,1,2002,20020302070423,20020302070423,http://www.ocv.ne.jp,http://www.eiseihoso.org:80/guide/main003-02.html,False,,
odawara15ch.co.jp,1,2002,20020302070423,20020302070423,http://www.odawara15ch.co.jp/,http://www.eiseihoso.org:80/guide/main003-02.html,False,,
ogaki-tv.co.jp,1,2002,20020302070423,20020302070423,http://www.ogaki-tv.co.jp,http://www.eiseihoso.org:80/guide/main003-02.html,False,,
prime365.tv,1,2005,20050325061605,20050325061605,http://www.prime365.tv/,http://www.eiseihoso.org:80/cgi-bin/cs02/008shopping/top.cgi,False,,
punchclub.cs371.com,1,2005,20050428021256,20050428021256,http://punchclub.cs371.com/,http://www.eiseihoso.org:80/cgi-bin/cs02/006entertainment/top.cgi,False,,
rcn.ne.jp,1,2002,20020302070423,20020302070423,http://www.rcn.ne.jp,http://www.eiseihoso.org:80/guide/main003-02.html,False,,
rosenet.ne.jp,1,2002,20020302070423,20020302070423,http://www.rosenet.ne.jp,http://www.eiseihoso.org:80/guide/main003-02.html,False,,
s-cnet.ne.jp,1,2002,20020302070423,20020302070423,http://www.s-cnet.ne.jp/,http://www.eiseihoso.org:80/guide/main003-02.html,False,,
sakura-catv.co.jp,1,2002,20020302070423,20020302070423,http://www.sakura-catv.co.jp,http://www.eiseihoso.org:80/guide/main003-02.html,False,,
scatv.ne.jp,1,2002,20020302070423,20020302070423,http://www.scatv.ne.jp,http://www.eiseihoso.org:80/guide/main003-02.html,False,,
sctv.ne.jp,1,2002,20020302070423,20020302070423,http://www.sctv.ne.jp,http://www.eiseihoso.org:80/guide/main003-02.html,False,,
seaple-n.icc.ne.jp,1,2002,20020302070423,20020302070423,http://www.seaple-n.icc.ne.jp/~ttn,http://www.eiseihoso.org:80/guide/main003-02.html,False,,
shimabara.ne.jp,1,2002,20020302070423,20020302070423,http://www.shimabara.ne.jp/,http://www.eiseihoso.org:80/guide/main003-02.html,False,,
shoku-chan.com@,1,2002,20020622075139,20020622075139,http://www.shoku-chan.com@,http://www.eiseihoso.org:80/cgi-bin/cs/009hobby/top.cgi,False,,
skyperfectv2.jp,1,2003,20030615195725,20030615195725,http://www.skyperfectv2.jp/,http://www.eiseihoso.org:80/links/main001.html,False,,
snu.ne.jp,1,2002,20020302070423,20020302070423,http://www.snu.ne.jp,http://www.eiseihoso.org:80/guide/main003-02.html,False,,
spaceshowertv.com@,1,2002,20020511041457,20020511041457,http://www.spaceshowertv.com@,http://www.eiseihoso.org:80/cgi-bin/member/top.cgi?start=60&key=,False,,
starcat.co.jp,1,2002,20020302070423,20020302070423,http://www.starcat.co.jp,http://www.eiseihoso.org:80/guide/main003-02.html,False,,
sutv.co.jp,1,2002,20020302070423,20020302070423,http://www.sutv.co.jp,http://www.eiseihoso.org:80/guide/main003-02.html,False,,
t-catv.co.jp,1,2002,20020302070423,20020302070423,http://www.t-catv.co.jp/.,http://www.eiseihoso.org:80/guide/main003-02.html,False,,
t-net.ne.jp,1,2002,20020302070423,20020302070423,http://www.t-net.ne.jp,http://www.eiseihoso.org:80/guide/main003-02.html,False,,
tac-net.co.jp,1,2002,20020302070423,20020302070423,http://www.tac-net.co.jp,http://www.eiseihoso.org:80/guide/main003-02.html,False,,
tamagotoji.jp,1,2003,20030303214252,20030303214252,http://www.tamagotoji.jp/@,http://www.eiseihoso.org:80/cgi-bin/cs02/010data/top.cgi,False,,
tamatele.co.jp,1,2002,20020302070423,20020302070423,http://www.tamatele.co.jp,http://www.eiseihoso.org:80/guide/main003-02.html,False,,
tcat.co.jp,1,2002,20020302070423,20020302070423,http://www.tcat.co.jp/,http://www.eiseihoso.org:80/guide/main003-02.html,False,,
tcct.co.jp,1,2002,20020302070423,20020302070423,http://www.tcct.co.jp/,http://www.eiseihoso.org:80/guide/main003-02.html,False,,
tcn-catv.co.jp,1,2002,20020302070423,20020302070423,http://www.tcn-catv.co.jp,http://www.eiseihoso.org:80/guide/main003-02.html,False,,
tctv.co.jp,1,2002,20020302070423,20020302070423,http://www.tctv.co.jp,http://www.eiseihoso.org:80/guide/main003-02.html,False,,
tctvnet.co.jp,1,2002,20020302070423,20020302070423,http://www.tctvnet.co.jp/,http://www.eiseihoso.org:80/guide/main003-02.html,False,,
tcv.or.jp,1,2002,20020302070423,20020302070423,http://www.tcv.or.jp,http://www.eiseihoso.org:80/guide/main003-02.html,False,,
tees.ne.jp,1,2002,20020302070423,20020302070423,http://www.tees.ne.jp/,http://www.eiseihoso.org:80/guide/main003-02.html,False,,
tmtv.ne.jp,1,2002,20020302070423,20020302070423,http://www.tmtv.ne.jp,http://www.eiseihoso.org:80/guide/main003-02.html,False,,
toptower.co.jp,1,2002,20020302070423,20020302070423,http://www.toptower.co.jp/,http://www.eiseihoso.org:80/guide/main003-02.html,False,,
toua-u.ac.jp,1,2002,20020221040920,20020221040920,http://www.toua-u.ac.jp/univcs/,http://www.eiseihoso.org:80/cgi-bin/cs/010learn/top.cgi,False,,
town.kami.hyogo.jp,1,2002,20020302070423,20020302070423,http://www.town.kami.hyogo.jp/,http://www.eiseihoso.org:80/guide/main003-02.html,False,,
town.kaminaka.fukui.jp,1,2002,20020302070423,20020302070423,http://www.town.kaminaka.fukui.jp,http://www.eiseihoso.org:80/guide/main003-02.html,False,,
town.kuse.okayama.jp,1,2002,20020302070423,20020302070423,http://www.town.kuse.okayama.jp,http://www.eiseihoso.org:80/guide/main003-02.html,False,,
town.kushibiki.yamagata.jp,1,2002,20020302070423,20020302070423,http://www.town.kushibiki.yamagata.jp/,http://www.eiseihoso.org:80/guide/main003-02.html,False,,
town.nagao.kagawa.jp,1,2002,20020302070423,20020302070423,http://www.town.nagao.kagawa.jp,http://www.eiseihoso.org:80/guide/main003-02.html,False,,
town.okutsu.okayama.jp,1,2002,20020302070423,20020302070423,http://www.town.okutsu.okayama.jp/,http://www.eiseihoso.org:80/guide/main003-02.html,False,,
town.oyama.oita.jp,1,2002,20020302070423,20020302070423,http://www.town.oyama.oita.jp,http://www.eiseihoso.org:80/guide/main003-02.html,False,,
town.sekinomiya.hyogo.jp,1,2002,20020302070423,20020302070423,http://www.town.sekinomiya.hyogo.jp/,http://www.eiseihoso.org:80/guide/main003-02.html,False,,
town.takino.hyogo.jp,1,2002,20020302070423,20020302070423,http://www.town.takino.hyogo.jp/,http://www.eiseihoso.org:80/guide/main003-02.html,False,,
town.yatsuo.toyama.jp,1,2002,20020302070423,20020302070423,http://www.town.yatsuo.toyama.jp/,http://www.eiseihoso.org:80/guide/main003-02.html,False,,
townkiss.co.jp,1,2002,20020302070423,20020302070423,http://www.townkiss.co.jp/ sotetsu_group/YCV/,http://www.eiseihoso.org:80/guide/main003-02.html,False,,
ttv.ne.jp,1,2002,20020302070423,20020302070423,http://www.ttv.ne.jp,http://www.eiseihoso.org:80/guide/main003-02.html,False,,
tulipnet.co.jp,1,2002,20020302070423,20020302070423,http://www.tulipnet.co.jp,http://www.eiseihoso.org:80/guide/main003-02.html,False,,
tvg.ne.jp,1,2002,20020302070423,20020302070423,http://www.tvg.ne.jp/,http://www.eiseihoso.org:80/guide/main003-02.html,False,,
tvk.ne.jp,1,2002,20020302070423,20020302070423,http://www.tvk.ne.jp,http://www.eiseihoso.org:80/guide/main003-02.html,False,,
tvm.co.jp,1,2002,20020302070423,20020302070423,http://www.tvm.co.jp,http://www.eiseihoso.org:80/guide/main003-02.html,False,,
tvoyama.ne.jp,1,2002,20020302070423,20020302070423,http://www.tvoyama.ne.jp/,http://www.eiseihoso.org:80/guide/main003-02.html,False,,
tvt.ne.jp,1,2002,20020302070423,20020302070423,http://www.tvt.ne.jp,http://www.eiseihoso.org:80/guide/main003-02.html,False,,
ucatv.ne.jp,1,2002,20020302070423,20020302070423,http://www.ucatv.ne.jp/catv,http://www.eiseihoso.org:80/guide/main003-02.html,False,,
uincnet.ne.jp,1,2002,20020302070423,20020302070423,http://www.uincnet.ne.jp,http://www.eiseihoso.org:80/guide/main003-02.html,False,,
vill.yanagida.ishikawa.jp,1,2002,20020302070423,20020302070423,http://www.vill.yanagida.ishikawa.jp/,http://www.eiseihoso.org:80/guide/main003-02.html,False,,
wainet.co.jp,1,2002,20020302070423,20020302070423,http://www.wainet.co.jp,http://www.eiseihoso.org:80/guide/main003-02.html,False,,
watv.ne.jp,1,2002,20020302070423,20020302070423,http://www.watv.ne.jp/,http://www.eiseihoso.org:80/guide/main003-02.html,False,,
web-sanin.co.jp,1,2002,20020302070423,20020302070423,http://www.web-sanin.co.jp/ local/nita/,http://www.eiseihoso.org:80/guide/main003-02.html,False,,
winknet.ne.jp,1,2002,20020302070423,20020302070423,http://www.winknet.ne.jp/,http://www.eiseihoso.org:80/guide/main003-02.html,False,,
wombat.or.jp,1,2002,20020302070423,20020302070423,http://www.wombat.or.jp/,http://www.eiseihoso.org:80/guide/main003-02.html,False,,
www1.san.town.sonobe.kyoto.jp,1,2002,20020302070423,20020302070423,http://www1.san.town.sonobe.kyoto.jp/ smg/,http://www.eiseihoso.org:80/guide/main003-02.html,False,,
www2.shizuokanet.ne.jp,1,2002,20020302070423,20020302070423,http://www2.shizuokanet.ne.jp/ izu_east/,http://www.eiseihoso.org:80/guide/main003-02.html,False,,
www3.ocn.ne.jp,1,2002,20020302070423,20020302070423,http://www3.ocn.ne.jp/~kbctv/,http://www.eiseihoso.org:80/guide/main003-02.html,False,,
ytv.ne.jp,1,2002,20020302070423,20020302070423,http://www.ytv.ne.jp,http://www.eiseihoso.org:80/guide/main003-02.html,False,,
yytv.co.jp,1,2002,20020302070423,20020302070423,http://www.yytv.co.jp/,http://www.eiseihoso.org:80/guide/main003-02.html,False,,
ztv.co.jp,1,2002,20020302070423,20020302070423,http://www.ztv.co.jp,http://www.eiseihoso.org:80/guide/main003-02.html,False,,
rtd.jp,140,"2003,2004",20031218030212,20040228165622,z[Éßé,http://www.eiseihoso.org:80/cgi-bin/schedule/schedule.cgi?mode=viewdelete&year=2003&month=10&day=1&id=1,True,,
powerplats.co.jp,26,"2002,2003,2004,2005",20020628032407,20050913220501,http://www.powerplats.co.jp/,http://www.eiseihoso.org:80/cgi-bin/cs/001ppv/top.cgi?start=20&key=,True,,
star-ch.co.jp,26,"2002,2003,2004,2005",20020108234740,20050429031700,http://www.star-ch.co.jp/,http://www.eiseihoso.org:80/bsdchlu/main.html,True,,
adobe.co.jp,19,"2002,2003,2004,2005",20020108230942,20050420045529,"Adobe 
              Acrobat Reader",http://www.eiseihoso.org:80/aboutus/h003-01.html,True,,
bpa.or.jp,19,"2002,2003,2004,2005",20020614121028,20051028023200,iÐjBSfW^úi¦ïiBPAj,http://www.eiseihoso.org:80/aboutus/main003-02.html,True,,
e-station.org,19,"2002,2003,2004,2005",20020308030322,20050215015556,http://www.e-station.org/,http://www.eiseihoso.org:80/cgi-bin/cs/014adult/top.cgi,True,,
skyperfectv.co.jp,19,"2002,2003,2004,2005",20020306011456,20051028023200,http://www.skyperfectv.co.jp/promo/,http://www.eiseihoso.org:80/aboutus/main005.html,True,,
fujitv.co.jp,17,"2002,2003,2004,2005",20020616145116,20050428101206,http://www.fujitv.co.jp/jp/cs/,http://www.eiseihoso.org:80/cgi-bin/cs/005sports/top.cgi?start=10&key=,True,,
ch999.co.jp,16,"2002,2003,2004,2005",20020221040753,20050325061605,http://www.ch999.co.jp/@,http://www.eiseihoso.org:80/bsdchlu/main.html,True,,
cinefil-imagica.com,15,"2002,2003,2004,2005",20020108234740,20050908062138,http://cinefil-imagica.com/,http://www.eiseihoso.org:80/aboutus/main003-02.html,True,,
mediark.co.jp,15,"2002,2003,2004,2005",20020221040753,20050312095115,http://www.mediark.co.jp/top.html@,http://www.eiseihoso.org:80/bsdchlu/main.html,True,,
necoweb.com,15,"2002,2003,2004,2005",20020108234740,20050429031700,http://www.necoweb.com/rainbow,http://www.eiseihoso.org:80/cgi-bin/cs/002cinema/top.cgi,True,,
jctv.co.jp,14,"2002,2003,2004,2005",20020221041025,20050728160526,http://www.jctv.co.jp/cnn/,http://www.eiseihoso.org:80/cgi-bin/cs/005sports/top.cgi,True,,
tbs.co.jp,14,"2002,2003,2004,2005",20020221041025,20050728160526,http://www.tbs.co.jp/newsbird/,http://www.eiseihoso.org:80/cgi-bin/cs/008news/top.cgi,True,,
asahi-newstar.com,12,"2002,2003,2004,2005",20020221041025,20050728160526,http://asahi-newstar.com,http://www.eiseihoso.org:80/cgi-bin/cs/008news/top.cgi,True,,
cs-tv.net,12,"2002,2003,2004,2005",20020108234740,20050429031700,J~OX[E[r[,http://www.eiseihoso.org:80/cgi-bin/cs/002cinema/top.cgi,True,,
cs110.co.jp,12,"2002,2003,2004,2005",20020701062451,20050428022518,http://www.cs110.co.jp/topics.html@,http://www.eiseihoso.org:80/cgi-bin/member/top.cgi?start=40&key=,True,,
historychannel.co.jp,12,"2002,2003,2004,2005",20020306011456,20050728160526,http://www.historychannel.co.jp,http://www.eiseihoso.org:80/cgi-bin/cs/008news/top.cgi?start=10&key=,True,,
wowow.co.jp,12,"2002,2003,2004,2005",20020221040753,20051028023200,http://www.wowow.co.jp/,http://www.eiseihoso.org:80/bsdchlu/main.html,True,,
bbcworld-japan.com,11,"2002,2003,2004,2005",20020306011456,20050728160526,http://www.bbcworld-japan.com,http://www.eiseihoso.org:80/cgi-bin/cs/008news/top.cgi?start=10&key=,True,,
eigeki.com,11,"2002,2003,2004,2005",20020108234740,20050429031700,http://www.eigeki.com/@@,http://www.eiseihoso.org:80/cgi-bin/cs/002cinema/top.cgi,True,,
kids-station.com,11,"2002,2003,2004,2005",20020315123918,20050215171902,http://www.kids-station.com,http://www.eiseihoso.org:80/cgi-bin/cs/004anime/top.cgi,True,,
superbird.co.jp,11,"2002,2003,2004,2005",20020617001534,20051028023200,http://www.superbird.co.jp/,http://www.eiseihoso.org:80/aboutus/main003-02.html,True,,
animax.co.jp,10,"2002,2003,2004,2005",20020315123918,20050215015556,http://www.animax.co.jp,http://www.eiseihoso.org:80/cgi-bin/cs/004anime/top.cgi,True,,
bs-asahi.co.jp,10,"2002,2003,2004,2005",20020221040753,20050312095115,http://www.bs-asahi.co.jp/,http://www.eiseihoso.org:80/bsdchlu/main.html,True,,
bs-n.co.jp,10,"2002,2003,2004,2005",20020221040753,20050312095115,http://www.bs-n.co.jp/,http://www.eiseihoso.org:80/bsdchlu/main.html,True,,
c-tbs.com,10,"2002,2003,2004,2005",20020702220426,20050428022518,http://www.c-tbs.com/guidance/index.html#muha,http://www.eiseihoso.org:80/cgi-bin/member/top.cgi?start=50&key=,True,,
macromedia.com,10,"2002,2004",20020302070201,20040208123408,±¿ç,http://www.eiseihoso.org:80/guide/main000.html,True,,
mtvjapan.com,10,"2002,2003,2004,2005",20020306005712,20050215171902,http://www.mtvjapan.com,http://www.eiseihoso.org:80/cgi-bin/cs/006music/top.cgi,True,,
speedchannel.co.jp,10,"2002,2003,2004,2005",20020622075452,20050407121214,http://www.speedchannel.co.jp/,http://www.eiseihoso.org:80/cgi-bin/cs/013games/top.cgi,True,,
aviva.co.jp,9,"2002,2003,2004,2005",20020430082315,20050215015556,http://www.aviva.co.jp,http://www.eiseihoso.org:80/cgi-bin/cs/009hobby/top.cgi?start=10&key=,True,,
fami-geki.com,9,"2002,2003,2004",20020616145116,20040523225108,http://www.fami-geki.com,http://www.eiseihoso.org:80/cgi-bin/cs/007ent/top.cgi,True,,
foodies-tv.com,9,"2003,2004,2005",20030103123333,20050428021256,http://www.foodies-tv.com/,http://www.eiseihoso.org:80/cgi-bin/cs/009hobby/top.cgi?start=10&key=,True,,
gaora.co.jp,9,"2002,2003,2004",20020511041457,20040227005503,http://www.gaora.co.jp/,http://www.eiseihoso.org:80/cgi-bin/cs/005sports/top.cgi,True,,
mjtv123.com,9,"2002,2003,2004,2005",20020308030526,20050208145508,http://www.mjtv123.com/enjoy,http://www.eiseihoso.org:80/cgi-bin/cs/006music/top.cgi?start=10&key=,True,,
mondo21.net,9,"2002,2003,2004,2005",20020623183843,20050407121214,http://www.mondo21.net/,http://www.eiseihoso.org:80/cgi-bin/cs/007ent/top.cgi?start=10&key=,True,,
sky-a.co.jp,9,"2002,2003,2004",20020616145116,20040227005503,http://www.sky-a.co.jp,http://www.eiseihoso.org:80/cgi-bin/cs/005sports/top.cgi,True,,
tabi-ch.net,9,"2002,2003,2004,2005",20020430082315,20050407121214,http://www.tabi-ch.net/,http://www.eiseihoso.org:80/cgi-bin/cs/009hobby/top.cgi?start=10&key=,True,,
viewsic.co.jp,9,"2002,2003,2004",20020306005712,20040227035729,http://www.viewsic.co.jp,http://www.eiseihoso.org:80/cgi-bin/cs/006music/top.cgi,True,,
golfnetwork.co.jp,8,"2002,2003,2004,2005",20020616145116,20050407121214,http://www.golfnetwork.co.jp,http://www.eiseihoso.org:80/cgi-bin/cs/005sports/top.cgi,True,,
jlc.ne.jp,8,"2002,2003,2004,2005",20020622075452,20050208083425,http://www.jlc.ne.jp/,http://www.eiseihoso.org:80/cgi-bin/cs/013games/top.cgi,True,,
kyoto-channel.com,8,"2002,2003,2004,2005",20020622075139,20050215171902,http://www.kyoto-channel.com,http://www.eiseihoso.org:80/cgi-bin/cs/009hobby/top.cgi,True,,
lala.co.jp,8,"2002,2003,2004",20020616145116,20040622035440,http://www.lala.co.jp/,http://www.eiseihoso.org:80/cgi-bin/cs/007ent/top.cgi?start=10&key=,True,,
theatertv.co.jp,8,"2002,2003,2004,2005",20020622152213,20050407102403,http://www.theatertv.co.jp,http://www.eiseihoso.org:80/cgi-bin/cs/007ent/top.cgi,True,,
axn.co.jp,7,"2002,2003,2004,2005",20020622074232,20050215071405,http://www.axn.co.jp,http://www.eiseihoso.org:80/cgi-bin/cs/003drama/top.cgi,True,,
cw1.zaq.ne.jp,7,2002,20020302070423,20020302070423,http://www.cw1.zaq.ne.jp/occn/,http://www.eiseihoso.org:80/guide/main003-02.html,True,,
fishing-v.co.jp,7,"2002,2003,2004,2005",20020430082315,20050208082643,http://www.fishing-v.co.jp,http://www.eiseihoso.org:80/cgi-bin/cs/009hobby/top.cgi?start=10&key=,True,,
glc.co.jp,7,"2002,2003,2004",20020511041457,20040417040115,http://www.glc.co.jp,http://www.eiseihoso.org:80/cgi-bin/cs/009hobby/top.cgi,True,,
igoshogi.net,7,"2003,2004,2005",20030106041450,20050215171902,http://www.igoshogi.net/index2,http://www.eiseihoso.org:80/cgi-bin/cs01/009hobby/top.cgi,True,,
j-wave.co.jp,7,"2002,2003,2004,2005",20020625171212,20050407121214,http://www.j-wave.co.jp,http://www.eiseihoso.org:80/cgi-bin/cs/015radio/top.cgi,True,,
musicair.co.jp,7,"2002,2003,2004,2005",20020617001254,20050215015556,http://www.musicair.co.jp/,http://www.eiseihoso.org:80/cgi-bin/member/top.cgi,True,,
pioneer.co.jp,7,"2002,2003,2004,2005",20020306005712,20050908062138,http://www.pioneer.co.jp/karaoke-channel/,http://www.eiseihoso.org:80/aboutus/main003-02.html,True,,
spaceshowertv.com,7,"2002,2003,2004,2005",20020306005712,20050208081928,http://www.spaceshowertv.com,http://www.eiseihoso.org:80/cgi-bin/cs/006music/top.cgi,True,,
vpara.com,7,"2002,2003,2004,2005",20020320072300,20050208081223,http://www.vpara.com,http://www.eiseihoso.org:80/cgi-bin/cs/002cinema/top.cgi?start=20&key=,True,,
bloomberg.co.jp,6,"2002,2003,2004,2005",20020306011456,20050208082300,http://www.bloomberg.co.jp/,http://www.eiseihoso.org:80/cgi-bin/cs/008news/top.cgi?start=10&key=,True,,
bloomberg.com,6,"2002,2003,2004,2005",20020306011456,20050208210729,http://www.bloomberg.com/asia/,http://www.eiseihoso.org:80/cgi-bin/cs/008news/top.cgi?start=10&key=,True,,
bsfuji.tv,6,"2002,2003,2004,2005",20020221040753,20050312095115,http://bsfuji.tv/,http://www.eiseihoso.org:80/bsdchlu/main.html,True,,
jamtv.jp,6,"2004,2005",20040103040138,20050407121214,http://www.jamtv.jp,http://www.eiseihoso.org:80/cgi-bin/cs01/014adult/top.cgi,True,,
movieplus.jp,6,"2004,2005",20040226041557,20050429031700,http://www.movieplus.jp/,http://www.eiseihoso.org:80/cgi-bin/cs01/002cinema/top.cgi,True,,
mystery.co.jp,6,"2002,2003,2004",20020616145116,20040207114407,http://www.mystery.co.jp,http://www.eiseihoso.org:80/cgi-bin/cs/003drama/top.cgi,True,,
ntv.co.jp,6,"2003,2004,2005",20030307211804,20050208082300,http://www.ntv.co.jp/cs-denpa/@,http://www.eiseihoso.org:80/cgi-bin/cs03/001sports/top.cgi,True,,
paradisetv.jp,6,"2002,2003,2004,2005",20020308030322,20050208145354,http://www.paradisetv.jp/,http://www.eiseihoso.org:80/cgi-bin/cs/014adult/top.cgi,True,,
rakuraku.co.jp,6,"2002,2003,2004,2005",20020315140149,20050208082947,http://www.rakuraku.co.jp/,http://www.eiseihoso.org:80/cgi-bin/cs/011fl/top.cgi?start=10&key=,True,,
so-net.ne.jp,6,"2002,2003,2004,2005",20020622152213,20050208082008,http://www.so-net.ne.jp/So-netchannel/,http://www.eiseihoso.org:80/cgi-bin/cs/007ent/top.cgi,True,,
bbt757.com,5,"2002,2003,2004,2005",20020430082315,20050208084013,http://www.bbt757.com,http://www.eiseihoso.org:80/cgi-bin/cs/009hobby/top.cgi?start=10&key=,True,,
plat-one.com,5,"2003,2004",20030104170256,20040212011554,http://www.plat-one.com/channel/001ch/right.html@,http://www.eiseihoso.org:80/links/main001.html,True,,
seirin.org,5,"2003,2004,2005",20030615195725,20051028023200,brú¬lÔgÏÏõï,http://www.eiseihoso.org:80/links/main001.html,True,,
she.tv,5,"2002,2003,2004,2005",20020622152213,20050208082008,http://www.She.tv,http://www.eiseihoso.org:80/cgi-bin/cs/007ent/top.cgi,True,,
yozemi.ac.jp,5,"2002,2003,2004",20020221040920,20040417040115,http://www.yozemi.ac.jp/,http://www.eiseihoso.org:80/cgi-bin/cs/010learn/top.cgi,True,,
auction-tv.com,4,"2002,2003,2004",20020816212242,20040110235904,http://www.auction-tv.com,http://www.eiseihoso.org:80/cgi-bin/cs/012shopping/top.cgi,True,,
bsqr.net,4,"2002,2003,2004,2005",20020221040753,20050312095115,http://www.bsqr.net/,http://www.eiseihoso.org:80/bsdchlu/main.html,True,,
chuoh.co.jp,4,"2003,2004",20030114114249,20040417040115,http://www.chuoh.co.jp/cs/,http://www.eiseihoso.org:80/cgi-bin/cs01/010learn/top.cgi,True,,
digicas.com,4,"2002,2003,2004,2005",20020221040753,20050312095115,http://www.digicas.com/,http://www.eiseihoso.org:80/bsdchlu/main.html,True,,
dxantenna.co.jp,4,"2002,2003,2004,2005",20020622074325,20050908062138,http://www.dxantenna.co.jp/,http://www.eiseihoso.org:80/aboutus/main003-02.html,True,,
hitachi.co.jp,4,"2002,2003,2004,2005",20020622074325,20050908062138,http://www.hitachi.co.jp/,http://www.eiseihoso.org:80/aboutus/main003-02.html,True,,
homedrama-ch.com,4,"2002,2003,2004",20020616145116,20040207114407,http://www.homedrama-ch.com/,http://www.eiseihoso.org:80/cgi-bin/cs/003drama/top.cgi,True,,
jfn.co.jp,4,"2002,2003,2004,2005",20020221040753,20050312095115,http://www.jfn.co.jp/,http://www.eiseihoso.org:80/bsdchlu/main.html,True,,
kmch.net,4,"2002,2003,2004",20020616145116,20040210080142,PCRÆ}iu Channel,http://www.eiseihoso.org:80/cgi-bin/cs/009hobby/top.cgi,True,,
lala.tv,4,"2004,2005",20040103040138,20050428101206,http://www.lala.tv/,http://www.eiseihoso.org:80/cgi-bin/member/top.cgi?start=40&key=,True,,
maspro.co.jp,4,"2002,2003,2004,2005",20020622074325,20050908062138,http://www.maspro.co.jp/,http://www.eiseihoso.org:80/aboutus/main003-02.html,True,,
ndb.co.jp,4,"2002,2003,2004,2005",20020221040753,20050312095115,http://www.ndb.co.jp/,http://www.eiseihoso.org:80/bsdchlu/main.html,True,,
nippon-antenna.co.jp,4,"2002,2003,2004,2005",20020622074325,20050908062138,http://www.NIPPON-ANTENNA.co.jp/,http://www.eiseihoso.org:80/aboutus/main003-02.html,True,,
nitsuki.com,4,"2002,2003,2004,2005",20020622074325,20050908062138,http://www.nitsuki.com/,http://www.eiseihoso.org:80/aboutus/main003-02.html,True,,
sony.co.jp,4,"2002,2003,2004,2005",20020622074325,20050908062138,http://www.sony.co.jp/,http://www.eiseihoso.org:80/aboutus/main003-02.html,True,,
stardigio.com,4,"2002,2003,2004,2005",20020823213245,20050208081928,http://www.stardigio.com,http://www.eiseihoso.org:80/cgi-bin/cs/015radio/top.cgi,True,,
super-ch.com,4,"2002,2003,2004",20020616145116,20040109231049,http://www.super-ch.com,http://www.eiseihoso.org:80/cgi-bin/member/top.cgi?start=50&key=,True,,
tfm.co.jp,4,"2002,2003,2004,2005",20020221040753,20050312095115,http://www.tfm.co.jp/mb/,http://www.eiseihoso.org:80/bsdchlu/main.html,True,,
toshiba.co.jp,4,"2002,2003,2004,2005",20020622074325,20050908062138,http://www.toshiba.co.jp/,http://www.eiseihoso.org:80/aboutus/main003-02.html,True,,
v-music.ch,4,"2003,2004,2005",20030311055141,20050208081928,http://www.v-music.ch,http://www.eiseihoso.org:80/cgi-bin/cs01/006music/top.cgi,True,,
cs371.com,3,"2004,2005",20040110124228,20050208082008,http://www.cs371.com,http://www.eiseihoso.org:80/cgi-bin/cs01/007ent/top.cgi,True,,
disneychannel.jp,3,"2004,2005",20040207115553,20050428021256,http://www.disneychannel.jp/,http://www.eiseihoso.org:80/cgi-bin/cs01/007ent/top.cgi,True,,
foxnews.com,3,"2002,2003,2004",20020306011456,20040207115719,http://www.foxnews.com,http://www.eiseihoso.org:80/cgi-bin/cs/008news/top.cgi?start=10&key=,True,,
japanet.co.jp,3,"2003,2004,2005",20030311052552,20050208083152,http://www.japanet.co.jp/,http://www.eiseihoso.org:80/cgi-bin/cs01/012shopping/top.cgi,True,,
nnn24.com,3,"2003,2004,2005",20030307212617,20050728160526,http://www.nnn24.com/,http://www.eiseihoso.org:80/cgi-bin/cs03/004news/top.cgi,True,,
qvc.jp,3,2005,20050208083152,20050325061605,http://www.qvc.jp/,http://www.eiseihoso.org:80/cgi-bin/cs01/012shopping/top.cgi,True,,
spaceterior.com,3,"2003,2004",20030307212944,20040208120631,http://www.spaceterior.com/top.html,http://www.eiseihoso.org:80/cgi-bin/cs03/003music/top.cgi,True,,
1242.com,2,"2002,2003",20020221040753,20030221032115,http://www.1242.com/bs/,http://www.eiseihoso.org:80/bsdchlu/main.html,True,,
alphanet.ne.jp,2,"2002,2003",20020617001254,20030303144902,http://www.alphanet.ne.jp,http://www.eiseihoso.org:80/cgi-bin/member/top.cgi,True,,
arib.or.jp,2,2005,20051028023200,20051028023200,http://www.arib.or.jp/,http://www.eiseihoso.org:80/link/index.html,True,,
b-cas.co.jp,2,2005,20051028023200,20051028023200,®ïÐ@r[GXERfBViANZXVXeYiB-CASj,http://www.eiseihoso.org:80/link/index.html,True,,
cablecast.co.jp,2,2005,20051028023200,20051028023200,http://www.cablecast.co.jp/index.html,http://www.eiseihoso.org:80/link/index.html,True,,
d-pa.org,2,2005,20051028023200,20051028023200,iÐjnãfW^úi¦ï,http://www.eiseihoso.org:80/link/index.html,True,,
disney.co.jp,2,"2004,2005",20040429172502,20050215071405,http://www.disney.co.jp/,http://www.eiseihoso.org:80/cgi-bin/member/top.cgi?start=10&key=,True,,
hankyu.co.jp,2,"2003,2004",20030123165121,20040523225108,http://www.hankyu.co.jp/,http://www.eiseihoso.org:80/cgi-bin/member/top.cgi?start=90&key=,True,,
igoshogi.com,2,2002,20020622075139,20020628033634,http://www.igoshogi.com/,http://www.eiseihoso.org:80/cgi-bin/cs/009hobby/top.cgi,True,,
j-cnet.co.jp,2,2005,20051028023200,20051028023200,http://www.j-cnet.co.jp/company/outline.html,http://www.eiseihoso.org:80/link/index.html,True,,
lfx.jp,2,"2004,2005",20040207222627,20050312095115,http://www.lfx.jp/,http://www.eiseihoso.org:80/bsdchlu/main.html,True,,
m-bros.net,2,2002,20020306005712,20020625171212,http://www.m-bros.net/,http://www.eiseihoso.org:80/cgi-bin/cs/006music/top.cgi,True,,
micojapan.com,2,"2004,2005",20040212011732,20050215171902,http://www.micojapan.com/,http://www.eiseihoso.org:80/cgi-bin/member/top.cgi?start=20&key=,True,,
microsoft.com,2,"2002,2004",20020803082611,20040207114518,,http://www.eiseihoso.org:80/notes/index.html,True,,
mnetjapan.com,2,"2002,2003",20020625171212,20030314181957,http://www.mnetjapan.com,http://www.eiseihoso.org:80/cgi-bin/member/top.cgi?start=20&key=,True,,
ngcjapan.com,2,2005,20050118023457,20050728160526,http://www.ngcjapan.com,http://www.eiseihoso.org:80/cgi-bin/cs01/015document/top.cgi,True,,
nhk-cti.jp,2,"2004,2005",20040212011554,20050908062138,http://www.nhk-cti.jp/,http://www.eiseihoso.org:80/aboutus/main003-02.html,True,,
nhk-ed.co.jp,2,"2004,2005",20040212011554,20050908062138,http://www.nhk-ed.co.jp/,http://www.eiseihoso.org:80/aboutus/main003-02.html,True,,
ntt.com,2,"2004,2005",20040212011554,20050908062138,http://www.ntt.com/,http://www.eiseihoso.org:80/aboutus/main003-02.html,True,,
pet-tv.co.jp,2,"2002,2003",20020701062451,20030106041450,http://www.pet-tv.co.jp,http://www.eiseihoso.org:80/cgi-bin/member/top.cgi?start=40&key=,True,,
tfc.co.jp,2,"2003,2004",20030118065538,20040110235904,http://www.tfc.co.jp,http://www.eiseihoso.org:80/cgi-bin/member/top.cgi?start=70&key=,True,,
tocom.co.jp,2,"2004,2005",20040212011554,20050908062138,http://www.tocom.co.jp/,http://www.eiseihoso.org:80/aboutus/main003-02.html,True,,
towntv.co.jp,2,2002,20020302070423,20020302070423,http://www.towntv.co.jp/,http://www.eiseihoso.org:80/guide/main003-02.html,True,,
actontv.com,1,2005,20050208082643,20050208082643,http://www.actontv.com/,http://www.eiseihoso.org:80/cgi-bin/cs01/009hobby/top.cgi,True,,
actv.ne.jp,1,2002,20020302070423,20020302070423,http://www.actv.ne.jp,http://www.eiseihoso.org:80/guide/main003-02.html,True,,
actv135.ne.jp,1,2002,20020302070423,20020302070423,http://www.actv135.ne.jp/,http://www.eiseihoso.org:80/guide/main003-02.html,True,,
aizu.com,1,2002,20020302070423,20020302070423,http://www.aizu.com/org/nishiaizu/,http://www.eiseihoso.org:80/guide/main003-02.html,True,,
anc-tv.co.jp,1,2002,20020302070423,20020302070423,http://www.anc-tv.co.jp/,http://www.eiseihoso.org:80/guide/main003-02.html,True,,
bouquet.co.jp,1,2002,20020302070423,20020302070423,http://www.bouquet.co.jp/ numazu/catv.html,http://www.eiseihoso.org:80/guide/main003-02.html,True,,
bunbun.co.jp,1,2002,20020302070423,20020302070423,http://www.bunbun.co.jp,http://www.eiseihoso.org:80/guide/main003-02.html,True,,
c-able.co.jp,1,2002,20020302070423,20020302070423,http://www.c-able.co.jp,http://www.eiseihoso.org:80/guide/main003-02.html,True,,
cabbage.co.jp,1,2002,20020302070423,20020302070423,http://www.cabbage.co.jp,http://www.eiseihoso.org:80/guide/main003-02.html,True,,
cableone.co.jp,1,2002,20020302070423,20020302070423,http://www.cableone.co.jp/main.html,http://www.eiseihoso.org:80/guide/main003-02.html,True,,
cap.or.jp,1,2002,20020302070423,20020302070423,http://www.cap.or.jp/ fuchu/ctv.html,http://www.eiseihoso.org:80/guide/main003-02.html,True,,
catv-mic.ne.jp,1,2002,20020302070423,20020302070423,http://www.catv-mic.ne.jp/,http://www.eiseihoso.org:80/guide/main003-02.html,True,,
catvwink.co.jp,1,2002,20020302070423,20020302070423,http://www.catvwink.co.jp,http://www.eiseihoso.org:80/guide/main003-02.html,True,,
cavy.co.jp,1,2002,20020302070423,20020302070423,http://www.cavy.co.jp,http://www.eiseihoso.org:80/guide/main003-02.html,True,,
ccn-catv.co.jp,1,2002,20020302070423,20020302070423,http://www.ccn-catv.co.jp/,http://www.eiseihoso.org:80/guide/main003-02.html,True,,
ccsnet.ne.jp,1,2002,20020302070423,20020302070423,http://www.ccsnet.ne.jp/ ccs_index.html,http://www.eiseihoso.org:80/guide/main003-02.html,True,,
ch-sakura.jp,1,2005,20050208145812,20050208145812,http://www.ch-sakura.jp/,http://www.eiseihoso.org:80/cgi-bin/cs01/009hobby/top.cgi?start=10&key=,True,,
channelv.com,1,2002,20020306005712,20020306005712,http://www.channelv.com,http://www.eiseihoso.org:80/cgi-bin/cs/006music/top.cgi,True,,
chukai.co.jp,1,2002,20020302070423,20020302070423,http://www.chukai.co.jp,http://www.eiseihoso.org:80/guide/main003-02.html,True,,
clovernet.co.jp,1,2002,20020302070423,20020302070423,http://www.clovernet.co.jp,http://www.eiseihoso.org:80/guide/main003-02.html,True,,
cna-catv.co.jp,1,2002,20020302070423,20020302070423,http://www.cna-catv.co.jp,http://www.eiseihoso.org:80/guide/main003-02.html,True,,
cnc.co.jp,1,2002,20020302070423,20020302070423,http://www.cnc.co.jp,http://www.eiseihoso.org:80/guide/main003-02.html,True,,
cno.co.jp,1,2002,20020302070423,20020302070423,http://www.cno.co.jp/,http://www.eiseihoso.org:80/guide/main003-02.html,True,,
cocoronet.com,1,2002,20020628033634,20020628033634,http://www.cocoronet.com,http://www.eiseihoso.org:80/cgi-bin/member/top.cgi?start=30&key=,True,,
cosmo.ne.jp,1,2002,20020302070423,20020302070423,http://www.cosmo.ne.jp/~yamato-v,http://www.eiseihoso.org:80/guide/main003-02.html,True,,
cts-net.ne.jp,1,2002,20020302070423,20020302070423,http://www.cts-net.ne.jp,http://www.eiseihoso.org:80/guide/main003-02.html,True,,
ctt.ne.jp,1,2002,20020302070423,20020302070423,http://www.ctt.ne.jp,http://www.eiseihoso.org:80/guide/main003-02.html,True,,
cva2.com,1,2002,20020302070423,20020302070423,http://www.cva2.com,http://www.eiseihoso.org:80/guide/main003-02.html,True,,
cvk.ne.jp,1,2002,20020302070423,20020302070423,http://www.cvk.ne.jp,http://www.eiseihoso.org:80/guide/main003-02.html,True,,
ehime-catv.co.jp,1,2002,20020302070423,20020302070423,http://www.ehime-catv.co.jp,http://www.eiseihoso.org:80/guide/main003-02.html,True,,
gctv.co.jp,1,2002,20020302070423,20020302070423,http://www.gctv.co.jp/,http://www.eiseihoso.org:80/guide/main003-02.html,True,,
hakuhodo.co.jp,1,2004,20040212011554,20040212011554,http://www.hakuhodo.co.jp/,http://www.eiseihoso.org:80/aboutus/main003-02.html,True,,
hakuhodody-media.co.jp,1,2005,20050908062138,20050908062138,http://www.hakuhodody-media.co.jp/,http://www.eiseihoso.org:80/aboutus/main003-02.html,True,,
hccweb.bai.ne.jp,1,2002,20020302070423,20020302070423,http://hccweb.bai.ne.jp/,http://www.eiseihoso.org:80/guide/main003-02.html,True,,
hctnet.ne.jp,1,2002,20020302070423,20020302070423,http://www.hctnet.ne.jp,http://www.eiseihoso.org:80/guide/main003-02.html,True,,
home.htmnet.ne.jp,1,2002,20020302070423,20020302070423,http://home.htmnet.ne.jp,http://www.eiseihoso.org:80/guide/main003-02.html,True,,
i-catv.co.jp,1,2002,20020302070423,20020302070423,http://www.i-catv.co.jp/,http://www.eiseihoso.org:80/guide/main003-02.html,True,,
ican.ne.jp,1,2002,20020302070423,20020302070423,http://www.ican.ne.jp,http://www.eiseihoso.org:80/guide/main003-02.html,True,,
icknet.co.jp,1,2002,20020302070423,20020302070423,http://www.icknet.co.jp,http://www.eiseihoso.org:80/guide/main003-02.html,True,,
icv-net.co.jp,1,2002,20020302070423,20020302070423,http://www.icv-net.co.jp,http://www.eiseihoso.org:80/guide/main003-02.html,True,,
iidanet.or.jp,1,2002,20020302070423,20020302070423,http://www.iidanet.or.jp/~ictv/,http://www.eiseihoso.org:80/guide/main003-02.html,True,,
iin.co.jp,1,2002,20020302070423,20020302070423,http://www.iin.co.jp/,http://www.eiseihoso.org:80/guide/main003-02.html,True,,
inacatv.co.jp,1,2002,20020302070423,20020302070423,http://www.inacatv.co.jp,http://www.eiseihoso.org:80/guide/main003-02.html,True,,
jctv.ne.jp,1,2002,20020302070423,20020302070423,http://www.jctv.ne.jp/,http://www.eiseihoso.org:80/guide/main003-02.html,True,,
jcv.co.jp,1,2002,20020302070423,20020302070423,http://www.jcv.co.jp/,http://www.eiseihoso.org:80/guide/main003-02.html,True,,
katch.co.jp,1,2002,20020302070423,20020302070423,http://www.katch.co.jp,http://www.eiseihoso.org:80/guide/main003-02.html,True,,
kbn.ne.jp,1,2002,20020302070423,20020302070423,http://www.kbn.ne.jp/,http://www.eiseihoso.org:80/guide/main003-02.html,True,,
kcn.ne.jp,1,2002,20020302070423,20020302070423,http://www.kcn.ne.jp,http://www.eiseihoso.org:80/guide/main003-02.html,True,,
kct.co.jp,1,2002,20020302070423,20020302070423,http://www.kct.co.jp,http://www.eiseihoso.org:80/guide/main003-02.html,True,,
kcv-net.ne.jp,1,2002,20020302070423,20020302070423,http://www.kcv-net.ne.jp,http://www.eiseihoso.org:80/guide/main003-02.html,True,,
kokkaitv.com,1,2002,20020221041025,20020221041025,http://kokkaitv.com,http://www.eiseihoso.org:80/cgi-bin/cs/008news/top.cgi,True,,
kvision.ne.jp,1,2002,20020302070423,20020302070423,http://www.kvision.ne.jp,http://www.eiseihoso.org:80/guide/main003-02.html,True,,
lcv.co.jp,1,2002,20020302070423,20020302070423,http://www.lcv.co.jp/,http://www.eiseihoso.org:80/guide/main003-02.html,True,,
m-on.jp,1,2005,20050208145508,20050208145508,http://www.m-on.jp,http://www.eiseihoso.org:80/cgi-bin/cs01/006music/top.cgi?start=10&key=,True,,
medias.co.jp,1,2002,20020302070423,20020302070423,http://www.medias.co.jp,http://www.eiseihoso.org:80/guide/main003-02.html,True,,
miyazaki-catv.ne.jp,1,2002,20020302070423,20020302070423,http://www.miyazaki-catv.ne.jp,http://www.eiseihoso.org:80/guide/main003-02.html,True,,
musicair.econ-net.or.jp,1,2002,20020308030526,20020308030526,http://musicair.econ-net.or.jp/,http://www.eiseihoso.org:80/cgi-bin/cs/006music/top.cgi?start=10&key=,True,,
nagano-inc.co.jp,1,2002,20020302070423,20020302070423,http://www.nagano-inc.co.jp,http://www.eiseihoso.org:80/guide/main003-02.html,True,,
nanmoku.ne.jp,1,2002,20020302070423,20020302070423,http://www.nanmoku.ne.jp/,http://www.eiseihoso.org:80/guide/main003-02.html,True,,
nct9.co.jp,1,2002,20020302070423,20020302070423,http://www.nct9.co.jp,http://www.eiseihoso.org:80/guide/main003-02.html,True,,
netbeet.ne.jp,1,2002,20020302070423,20020302070423,http://www.netbeet.ne.jp/~ikeda1/,http://www.eiseihoso.org:80/guide/main003-02.html,True,,
nihonvtr.co.jp,1,2005,20050908062138,20050908062138,http://www.nihonvtr.co.jp/,http://www.eiseihoso.org:80/aboutus/main003-02.html,True,,
nirai.ne.jp,1,2002,20020302070423,20020302070423,http://www.nirai.ne.jp,http://www.eiseihoso.org:80/guide/main003-02.html,True,,
nsknet.or.jp,1,2002,20020302070423,20020302070423,http://www.nsknet.or.jp/notomachi/,http://www.eiseihoso.org:80/guide/main003-02.html,True,,
oka.urban.ne.jp,1,2002,20020302070423,20020302070423,http://www.oka.urban.ne.jp/ home/icvnet/,http://www.eiseihoso.org:80/guide/main003-02.html,True,,
oni.co.jp,1,2002,20020302070423,20020302070423,http://www.oni.co.jp/,http://www.eiseihoso.org:80/guide/main003-02.html,True,,
potato.hokkai.net,1,2002,20020302070423,20020302070423,http://potato.hokkai.net,http://www.eiseihoso.org:80/guide/main003-02.html,True,,
s-cat.ne.jp,1,2002,20020302070423,20020302070423,http://www.s-cat.ne.jp,http://www.eiseihoso.org:80/guide/main003-02.html,True,,
saganet.ne.jp,1,2002,20020302070423,20020302070423,http://www.saganet.ne.jp/hamatama/,http://www.eiseihoso.org:80/guide/main003-02.html,True,,
sc-tabletennis.com,1,2004,20040207011853,20040207011853,http://www.sc-tabletennis.com/,http://www.eiseihoso.org:80/cgi-bin/cs01/005sports/top.cgi,True,,
scn-net.co.jp,1,2002,20020302070423,20020302070423,http://www.scn-net.co.jp,http://www.eiseihoso.org:80/guide/main003-02.html,True,,
shochiku.co.jp,1,2002,20020302070423,20020302070423,http://www.shochiku.co.jp/ guide/multi/kctv_index-j.html,http://www.eiseihoso.org:80/guide/main003-02.html,True,,
shopch.jp,1,2004,20040109231049,20040109231049,http://www.shopch.jp,http://www.eiseihoso.org:80/cgi-bin/member/top.cgi?start=50&key=,True,,
spacelan.ne.jp,1,2002,20020302070423,20020302070423,http://www.spacelan.ne.jp/,http://www.eiseihoso.org:80/guide/main003-02.html,True,,
spaceshower.net,1,2004,20040109231049,20040109231049,http://www.spaceshower.net,http://www.eiseihoso.org:80/cgi-bin/member/top.cgi?start=50&key=,True,,
tcn.ne.jp,1,2002,20020302070423,20020302070423,http://www.tcn.ne.jp,http://www.eiseihoso.org:80/guide/main003-02.html,True,,
tcnet.ne.jp,1,2002,20020302070423,20020302070423,http://www.tcnet.ne.jp,http://www.eiseihoso.org:80/guide/main003-02.html,True,,
thn.ne.jp,1,2002,20020302070423,20020302070423,http://www.thn.ne.jp,http://www.eiseihoso.org:80/guide/main003-02.html,True,,
tokyo-teleport.co.jp,1,2002,20020302070423,20020302070423,http://www.tokyo-teleport.co.jp,http://www.eiseihoso.org:80/guide/main003-02.html,True,,
toshima.co.jp,1,2002,20020302070423,20020302070423,http://www.toshima.co.jp,http://www.eiseihoso.org:80/guide/main003-02.html,True,,
tst.ne.jp,1,2002,20020302070423,20020302070423,http://www.tst.ne.jp,http://www.eiseihoso.org:80/guide/main003-02.html,True,,
tv-hanno.co.jp,1,2002,20020302070423,20020302070423,http://www.tv-hanno.co.jp,http://www.eiseihoso.org:80/guide/main003-02.html,True,,
tvk.co.jp,1,2002,20020302070423,20020302070423,http://www.tvk.co.jp,http://www.eiseihoso.org:80/guide/main003-02.html,True,,
tvnet.ne.jp,1,2002,20020302070423,20020302070423,http://www.tvnet.ne.jp,http://www.eiseihoso.org:80/guide/main003-02.html,True,,
ucat.co.jp,1,2002,20020302070423,20020302070423,http://www.ucat.co.jp/,http://www.eiseihoso.org:80/guide/main003-02.html,True,,
ucv.co.jp,1,2002,20020302070423,20020302070423,http://www.ucv.co.jp,http://www.eiseihoso.org:80/guide/main003-02.html,True,,
usen.com,1,2004,20040208052059,20040208052059,,http://eiseihoso.org:80/cschlu05/main000.html,True,,
vernal.co.jp,1,2005,20050208145128,20050208145128,http://www.vernal.co.jp/,http://www.eiseihoso.org:80/cgi-bin/cs01/007ent/top.cgi?start=10&key=,True,,
web.pref.hyogo.jp,1,2002,20020302070423,20020302070423,http://web.pref.hyogo.jp/ sintosi/coms.htm,http://www.eiseihoso.org:80/guide/main003-02.html,True,,
welfare.co.jp,1,2002,20020616145116,20020616145116,EFtFA`l,http://www.eiseihoso.org:80/minna/main.html,True,,
www1.canet.ne.jp,1,2002,20020302070423,20020302070423,http://www1.canet.ne.jp/,http://www.eiseihoso.org:80/guide/main003-02.html,True,,
www1.cts.ne.jp,1,2002,20020302070423,20020302070423,http://www1.cts.ne.jp,http://www.eiseihoso.org:80/guide/main003-02.html,True,,
www1e.mesh.ne.jp,1,2002,20020302070423,20020302070423,http://www1e.mesh.ne.jp/kiyosato/,http://www.eiseihoso.org:80/guide/main003-02.html,True,,
www2.nkansai.ne.jp,1,2002,20020302070423,20020302070423,http://www2.nkansai.ne.jp/kaya,http://www.eiseihoso.org:80/guide/main003-02.html,True,,
www3.famille.ne.jp,1,2002,20020302070423,20020302070423,http://www3.famille.ne.jp/~kcv/,http://www.eiseihoso.org:80/guide/main003-02.html,True,,
yoshino.ne.jp,1,2002,20020302070423,20020302070423,http://www.yoshino.ne.jp/shimoichi,http://www.eiseihoso.org:80/guide/main003-02.html,True,,
youtv.co.jp,1,2002,20020302070423,20020302070423,http://www.youtv.co.jp,http://www.eiseihoso.org:80/guide/main003-02.html,True,,
