ドメイン,最終アーカイブ,タイトル,備考
1Wire.info,2026-01,,タイトル取得失敗
24tp.org,2022-01,,タイトル取得失敗
AllImmunology.org,,,アーカイブなし
AloeVeraSaft.org,2025-02,Aloe Vera Saft &amp; Aloe Vera Gel in der Naturmedizin | ALOE MAG,
AmassAboIs.org,2025-01,AMASSABOIS | Groupement de coopération de la filière bois en Occitanie,
Asian-American-Alliance.org,2024-11,Asian American Alliance,リダイレクト
AsyncOnHome.info,2025-04,The Best Online Games on Asynconhome,
AulaBeta.org,2013-01,aulabeta.org,
AyurvedaPourToUs.org,2025-12,Accueil | Ayurveda Pour Tous,リダイレクト
BerylAndCarol.org,2025-12,The Noble Adventures of Beryl Carol,
BlisteredFeetBlissfulMind.org,2024-10,Blistered feet Blissful mind - Home,
BluebellsFlowers.org,2024-05,"Bluebells Flowers Florist in Hackney, London",
BoldStudy.org,2026-02,,タイトル取得失敗
BolingbrookCaca.org,2025-12,Village of Bolingbrook Civic & Cultural Affairs Commission,リダイレクト
BottleBabies.org,2023-12,NameBright - Domain Expired,パーキング
BowenShare.org,2025-07,Imroz || Creative Agency And Multi-purpose React Template,
CampLivingWonders.org,,,アーカイブなし
Campus-Fest.org,2023-04,,タイトル取得失敗
CancerCareInformatics.org,2023-11,,タイトル取得失敗
ChevaliersDelArgueNon.org,,,アーカイブなし
ChrisPine.org,2026-01,,タイトル取得失敗
CigarsByChiVas.info,,,アーカイブなし
CitySpinning.org,2025-05,cityspinning.org,
ClaudiaKrueger.info,2026-01,Redirecting...,リダイレクト
Click2You.info,2025-02,The Best Free Friv Games [Juegos | Jeux|Jogos] | Click2you,
Clubhouse52.org,,,アーカイブなし
CollaGeusa.org,2026-02,NameBright - Domain Expired,パーキング
CombatSpace.info,2026-01,Redirecting...,リダイレクト
ConquerAlcoholism.org,2025-08,Conquer Alcoholism - Hope for Children of Alcoholics,
Cord-Blood-Connect.org,2025-03,"One moment, please...",リダイレクト
CorkMosque.org,2025-04,MACANTOTO $ Website Resmi Terintegrasi Gampang Menang WD Lancar Jaya !,
Dan-Farber.org,,,アーカイブなし
DefiGroup.org,,,アーカイブなし
DiplomasBrasilOriginal.org,2026-02,,タイトル取得失敗
DiscoverAzores.org,2025-11,discoverazores.org,
DislocateDrib.org,2025-12,"One moment, please...",リダイレクト
DoubleReed.org,2025-10,"&#x56FD;&#x4EA7;&#x7CBE;&#x54C1;&#x4E00;&#x533A;&#x4E0D;&#x5361;,&#x65E5;&#x672C;&#x6210;a&#x4EBA;v&#x7535;&#x5F71;,&#x6B27;&#x7F8E;xxxx&#x5728;&#x7EBF;&#x89C6;&#x9891;,&#x65E5;&#x97E9;&#x56FD;&#x4EA7;&#x53D8;&#x6001;&#x53E6;&#x7C7B;&#x6B27;&#x7F8E;",
EastDevonConservatives.org,2023-05,East Devon | Conservatives,
EchoHealthCoop.org,,,アーカイブなし
ElectricIsTaenMadrid.org,2025-11,"One moment, please...",リダイレクト
FairyLife.org,2024-01,Coming Soon,パーキング
FightForThe.info,,,アーカイブなし
FinDanObituaryForaSpecificPerson.org,2025-04,Find an Obituary for a Specific Person Online Free 2025,
FreeToolbox.org,2026-02,,タイトル取得失敗
FresnoDates.org,2025-07,,タイトル取得失敗
GreenCrossPharma.org,2023-10,,タイトル取得失敗
GrossWerner.info,2025-11,Coming Soon - w3schools.de.com,パーキング
Harms-Lab.org,2026-02,,タイトル取得失敗
Host-Tech.org,2026-02,,タイトル取得失敗
HotEllAriana.info,2025-02,Hotellariana - Play Free Online Games,
HowToTreatHerpes.info,2025-08,MARGABOLA # Agen Situs Terpercaya,
HumanSandResources.org,2016-10,Minerals and Ores Are Resources - Humans are PEOPLE | Humans And Resources,
HumanUltra.org,2025-07,Human Ultra / Multidisciplinary Creative Unit,リダイレクト
ImmigrantSinTech.org,,,アーカイブなし
IntegratedEmploymentNow.org,2023-06,A Coalition to Advance Competitive Integrated Employment &#8211; #WorkWithUs,
JetStreaming.org,2026-01,NameBright - Domain Expired,パーキング
KodiakLions.org,2025-11,Kodiak Lions Club - Home,リダイレクト
LavaGame98.club,2025-03,LAVAGAME98 พร้อมเปิดโอกาสสร้างรายได้ตลอด 24 ชั่วโมง,
LibertySpeeches.org,,,アーカイブなし
MastersBoxing.org,2024-05,mastersboxing.org&nbsp;-&nbsp;Ressources et information concernant mastersboxing Resources and Information.,
Mata-Online.org,2025-01,HOME | Minnesota Aviation Trades Association,
MayLea.org,2025-07,maylea.org,
MortgageCollaborative.org,2024-12,Springboard Mortgage Collaborative | Homebuyer Tools for Homeownership,リダイレクト
NorthwestArtSong.org,2024-06,毛穴で肌が汚いスキンケアおすすめ市販人気ランキング！口コミ評判,
Ohio-Education.org,2025-03,Index of /,
OneLoveAllEqual.org,2026-02,"域名已过期,无法正常使用",
OnlinePokerSiteReviews.org,2024-12,Home - Jaya Poker QQ,
PassionateCritters.org,2025-07,,タイトル取得失敗
Porno-Torrent.org,2025-09,Porn o torrent,
ProjectChaos.org,2025-02,HOME | PROJECT CHAOS | VETERANS,
ProudWorkplaces.org,2025-04,Proud Workplaces &#8211; Welcome to our website,
Psoriasis-Arthritis.org,2026-01,Ratgeber Psoriasis-Arthritis | Informationen für Betroffene und Angehörige,
PutnamProjectLighthouse.org,2025-09,,タイトル取得失敗
RiseSchools.org,2026-02,,タイトル取得失敗
RodBauer.org,,,アーカイブなし
RotaRyeClubOfTheSouth.org,,,アーカイブなし
RotaryNanaimo.org,2023-05,** RotaryClubofNanaimo **,
SatCore.info,2024-07,"Новости космоса, спутников и коммуникаций - SatCore.Info - Спутниковый портал",リダイレクト
SavingAmerica2024.org,2026-02,,タイトル取得失敗
SharingVillageOne.org,2026-02,,タイトル取得失敗
SilkRoadCenter.org,2025-11,Silk Road Finance &amp; Technology Introduction,
SolarizeKenmore.org,,,アーカイブなし
StanstedShuttle.info,2025-07,Stanstedshuttle,
SternBeck.info,2026-01,Redirecting...,リダイレクト
StoneridgeConstruction.org,2025-04,Stoneridge Building Company,
SustainableSeafoodWeek.org,2026-01,,タイトル取得失敗
TeleTravailCenter.org,2025-07,TeleTravail Center,
TempleOfAten.org,2023-06,Temple of Aten,
TheClimateSociety.org,2025-03,,タイトル取得失敗
TheRockPlymouth.org,2026-02,,タイトル取得失敗
ThomasMeyer.info,2025-09,F8bet Net 🎖️ Ứng Dụng Cá Cược Tiện Lợi Tặng Mã Code 288K,
Union-CarRelets-Arc-Atlantique.org,2025-07,Accueil,
ViewOfLights.org,2025-02,"The View of Lights in Everett, MA, Delivers Portable Generators That Supply Light",
WeldingWire.org,2025-07,,タイトル取得失敗
WorldAnaesthesia.org,2024-04,worldanaesthesia.org,リダイレクト
acvbiemechelenkempen.org,2024-12,ACV BIE Mechelen,
agirpourladiable.org,2023-10,Untitled Document,
aigahonolulu.org,2026-02,,タイトル取得失敗
aksakov.info,2026-01,ГЛАВНАЯ - Мемориальный дом - музей С.Т. Аксакова в Уфе,
alcoholicosanonimosnj.org,,,アーカイブなし
amassa-bois.org,2025-03,AMASSABOIS | Groupement de coopération de la filière bois en Occitanie,
ashna-international.org,2025-07,,タイトル取得失敗
avaparksandrec.org,2025-02,avaparksandrec - avaparksandrec.org,
bbbcsi.org,2026-02,"域名已过期,无法正常使用",
bwop.info,2025-09,Free Online Games — no Downloads — Play Free Games for PC and Mobile | Bwop,
ccgpjournal.org,2026-01,,タイトル取得失敗
cemuttathara.org,2026-02,,タイトル取得失敗
chiens-avalanches-05.org,2023-11,Accueil | chiens d'avalanches,
cinofiliaitaliana.info,2026-01,Redirecting...,リダイレクト
clubtucan.org,2025-12,澳洲幸运5官方开奖结果优势 - 澳洲幸运5开奖结果官网直播 - 2024澳洲幸运5开奖官网开奖直播结果|hotels and resorts,
cmsschool.info,2026-01,Redirecting...,リダイレクト
covid-persistente.org,2024-11,STRATO - Domain reserved,
ctnfinvestments.org,2026-01,,タイトル取得失敗
daifugou.info,2025-07,Registrant WHOIS contact information verification | Namecheap.com,
damenausstatter.org,2025-03,Damenausstatter &#187; Der ultimative Ratgeber für Damenmode und Stil,
djclub.info,,,アーカイブなし
e3lanat.info,2025-12,E3lanat: Upgrade Your Play!,
easyvn.info,2025-07,Easyvn,
eb5houston.org,2025-07,,タイトル取得失敗
elzenberg.info,2025-11,Win55 Com 🎖️ Chơi Xổ Số Online Nhận Code +288K Dễ Dàng,
enerbip.org,2025-06,EnerBip &#8211; Développer le numérique pour la santé mentale,
envie-44.org,2024-05,Apache2 Debian Default Page: It works,
exsecramentum.org,2026-02,,タイトル取得失敗
f1-history.org,,,アーカイブなし
fcjogo.org,2024-12,,タイトル取得失敗
fonf.org,,,アーカイブなし
foqu.org,2026-01,www.foqu.org-官网首页,
foyleonesafeplace.org,2020-02,Foyle Women's Aid = 40th Anniversary Timeline,
gabrielichoir.org,,,アーカイブなし
gaimmigration.org,2025-03,Georgians for Immigration Enforcement &#8211; Promoting Immigration Fairness,
gdesklets.info,2024-10,,タイトル取得失敗
gliarchi.info,2026-01,Redirecting...,リダイレクト
hdnom.org,2026-02,hdnom.org&nbsp;-&nbsp;hdnom Resources and Information.,リダイレクト
hdyaar.org,2026-02,,タイトル取得失敗
healthliteracytx.org,2026-02,,タイトル取得失敗
hoodiagordoniiguide.info,2025-12,人間ドックでわかる健康リスクと受診の流れ,
housinglacity.org,,,アーカイブなし
idcltrial.org,2025-12,"One moment, please...",リダイレクト
ietisociety.org,2025-07,IETI Society | International Engineering and Technology Institute,
investirentunisie.info,,,アーカイブなし
ipdffoundation.org,,,アーカイブなし
isiwebshop.org,2026-02,ERRP | Expired Registration Recovery Policy,
jeremiahs-journey.org,2026-01,,タイトル取得失敗
jsfree.org,2026-02,,タイトル取得失敗
kankerrahim.info,2024-10,,タイトル取得失敗
kc869.org,2025-12,"Knights of Columbus &#8211; Holy Rosary Council 869 &#8211; In service to one, Inservice to all",
kenseikan.info,2026-01,Redirecting...,リダイレクト
khalida.info,2025-12,Mundo le presenta una selección de contenidos y acontecimientos más importantes de la actualidad.,
kirtimaan.info,2025-12,Redirecting...,リダイレクト
laanpenge.org,2025-07,laanpenge.org,リダイレクト
ledemondurire.org,2026-01,,タイトル取得失敗
malishok.org,2022-07,Интернет-магазин. Японские подгузники с доставкой в Новосибирске,
mariathuy.org,2025-07,Ảnh Phép Lạ Chúa GiêSu - Maria Thủy - Xin Hãy Quay Trở Lại,
memprex.org,,,アーカイブなし
menuhinhall.info,,,アーカイブなし
miliardclub.org,2026-02,,タイトル取得失敗
ncpiecemakers.org,,,アーカイブなし
neahsa.org,,,アーカイブなし
neighborsnc.org,2024-12,Neighbors Nourishing Communities &#8211; Grow. Gather. Give.,
noankcooperative.org,2025-10,"Jawa88: Gaming Inspiration, Uniting Tradition and Technology",リダイレクト
nsbom.org,2025-07,Casibom 860 🎖️ Casibom860 🎖️ Casibom™ Güncel Giriş 860 - Casibom 860 » Türkiye'nin Casibom'u En Çok Kazandıran Casino Sitesi Casibom860.com - 8 Mart 2025,
ny100.org,2025-08,New York 100,
oplaitywest.org,2026-01,,タイトル取得失敗
pezzo.org,2025-03,トイレつまり修理pezzo,
pissebedden.info,2024-10,,タイトル取得失敗
planneandoensalud.info,2025-07,planneandoensalud.info,リダイレクト
progressivedemcaucusfl.org,2026-01,NameBright - Domain Expired,パーキング
psicofarmacos.info,2025-09,,タイトル取得失敗
samppanja.org,2018-09,Samppanja Ry,
sbirkatuzek.info,2025-07,Sbirkatuzek,
scoutamoros.org,2025-05,scoutamoros.org,
shwsolutions.org,,,アーカイブなし
spayneuterinc.org,2025-01,,タイトル取得失敗
steec.org,,,アーカイブなし
supportingebhv.org,2026-02,ドメイン有効期限切れ,リダイレクト
theprenups.org,2025-03,The Prenups,
troop207mn.org,2018-05,Boy Scout Troop 207,
tvlaunchpad.org,2024-05,,タイトル取得失敗
urlcut.org,2023-11,Loading...,リダイレクト
ventdb.org,2025-03,&#20037;&#20037;&#20037;&#20037;&#20122;&#27954;|V&#29255;&#26080;&#30721;V|91&#20813;&#36153;&#22269;&#20135;&#22312;&#32447;&#35266;&#30475;|&#22269;&#20135;&#25104;&#20154;&#31934;&#21697;&#26085;&#26412;&#35270;&#39057;|&#22269;&#20135;&#28608;&#24773;&#24589;&#29233;&#35270;&#39057;&#22312;&#32447;&#35266;&#30475;|&#20037;&#20037;&#20037;&#31934;&#21697;&#32508;&#21512;&#19968;&#21306;&#20108;&#21306;&#19977;,リダイレクト
vg88pro.org,2025-03,VG88 เว็บสล็อตออนไลน์ โดยไม่ต้องให้แอดมินทำรายการ 100%,
whatcommec.org,2023-11,,タイトル取得失敗
wmhcradio.org,2026-02,,タイトル取得失敗
worldccf.org,2026-02,,タイトル取得失敗
wrocjamaica.org,2025-12,WROC Jamaica &#8211; Digital Marketing Topics You Might Find Useful,
wvrwf.org,2023-12,Westlake Village Republican Women,
wysowa.info,2026-01,Redirecting...,リダイレクト
ymin.org,2025-04,Youth Ministries International,
